105newa2.png,439.93536,134.45444,-215.55345,443.67603,130.09967,-203.32843,446.3306,130.15462,-203.29216,449.04553,130.15965,-203.24583,436.05515,130.33646,-202.24962,433.3692,130.46875,-202.18411,430.65207,130.66322,-202.17453,453.12424,135.39581,-128.7284,427.87936,135.87793,-119.504234,445.3432,142.34128,-187.7568,435.48697,142.47855,-185.19469,472.5945,180.53737,-77.34981,409.5678,177.21161,-75.145325,480.88852,232.5085,-60.72809,398.39908,225.81856,-70.04022,487.29657,283.588,-133.76625,385.83725,269.4298,-148.5785,491.33994,298.3405,-149.61688,380.28168,282.63757,-167.17139,487.80856,299.4278,-174.72334,382.89636,283.74963,-193.94499,483.8223,293.94345,-145.4255,389.43784,279.79565,-161.57674,458.89313,280.82315,-1.898054,419.57022,281.07776,2.2779052,456.2671,357.40332,-28.184544,419.85693,357.573,-32.91159,450.60294,429.27094,79.735596,417.90833,426.16776,83.57388,448.18185,439.59784,85.23726,419.9587,436.61694,89.42057,451.34488,454.49667,0.8981554,412.14664,449.23566,-1.602749
106newa2 - Copy.png,439.73828,134.70901,-205.36713,443.21536,130.18239,-192.96982,445.8155,130.11115,-192.93434,448.48087,129.99,-192.89635,435.68094,130.74004,-191.83122,433.03397,130.98247,-191.75957,430.3542,131.28586,-191.74442,452.663,134.97859,-119.649864,427.7913,136.48077,-110.01801,445.3755,142.27722,-178.20271,435.66974,142.80981,-175.54219,472.89215,180.44499,-70.26471,409.71356,177.69809,-68.28181,481.0196,232.08267,-53.108917,398.0797,226.3782,-61.52114,487.9605,281.84122,-131.72186,385.02292,270.27274,-140.11743,492.04,296.55182,-148.64116,379.82553,283.51083,-157.32523,488.71396,297.49698,-174.02301,381.62006,284.87875,-185.43907,484.69434,292.05148,-143.48633,388.2449,280.84943,-153.553,458.20294,282.27402,0.24924842,418.48157,282.2735,0.12538691,455.78323,361.01846,-12.986544,420.1036,360.38263,-27.974707,451.28067,431.48376,98.66933,417.22385,429.09387,92.49303,448.79483,441.50302,104.597595,418.97247,439.30472,98.913124,452.6999,456.78528,20.974308,411.89038,452.84015,8.087295
106newa2.png,439.73828,134.70901,-205.36713,443.21536,130.18239,-192.96982,445.8155,130.11115,-192.93434,448.48087,129.99,-192.89635,435.68094,130.74004,-191.83122,433.03397,130.98247,-191.75957,430.3542,131.28586,-191.74442,452.663,134.97859,-119.649864,427.7913,136.48077,-110.01801,445.3755,142.27722,-178.20271,435.66974,142.80981,-175.54219,472.89215,180.44499,-70.26471,409.71356,177.69809,-68.28181,481.0196,232.08267,-53.108917,398.0797,226.3782,-61.52114,487.9605,281.84122,-131.72186,385.02292,270.27274,-140.11743,492.04,296.55182,-148.64116,379.82553,283.51083,-157.32523,488.71396,297.49698,-174.02301,381.62006,284.87875,-185.43907,484.69434,292.05148,-143.48633,388.2449,280.84943,-153.553,458.20294,282.27402,0.24924842,418.48157,282.2735,0.12538691,455.78323,361.01846,-12.986544,420.1036,360.38263,-27.974707,451.28067,431.48376,98.66933,417.22385,429.09387,92.49303,448.79483,441.50302,104.597595,418.97247,439.30472,98.913124,452.6999,456.78528,20.974308,411.89038,452.84015,8.087295
107newa2 - Copy.png,438.9091,135.26451,-198.47156,442.55615,130.85779,-186.30594,445.12784,130.806,-186.28374,447.76538,130.708,-186.2545,435.21393,131.36255,-184.82413,432.6805,131.5874,-184.75713,430.11774,131.87311,-184.75365,452.29913,135.74028,-114.06275,428.1286,137.0518,-103.02799,444.6766,142.74243,-171.68835,435.194,143.21988,-168.62358,472.80508,180.54785,-63.58239,410.96622,177.99228,-62.583595,481.4897,231.3788,-47.60493,399.7321,225.74312,-54.935654,489.3939,279.82376,-127.40885,386.4458,269.03574,-130.61932,493.98108,294.20944,-144.3162,380.90225,282.16586,-146.8307,491.035,295.04013,-170.14711,382.33206,283.01434,-175.358,486.94244,289.73724,-139.6097,388.50363,279.08517,-144.39648,458.44168,280.54678,-0.06969174,419.77853,280.50595,0.47317946,455.5757,358.12164,-22.06029,421.27487,357.9577,-37.65902,449.2581,430.4493,80.69403,420.04694,428.63702,72.541534,446.60352,440.65195,85.465225,421.8639,439.01328,77.74918,451.0573,455.34323,1.5268172,415.39316,451.79037,-13.589479
107newa2.png,438.9091,135.26451,-198.47156,442.55615,130.85779,-186.30594,445.12784,130.806,-186.28374,447.76538,130.708,-186.2545,435.21393,131.36255,-184.82413,432.6805,131.5874,-184.75713,430.11774,131.87311,-184.75365,452.29913,135.74028,-114.06275,428.1286,137.0518,-103.02799,444.6766,142.74243,-171.68835,435.194,143.21988,-168.62358,472.80508,180.54785,-63.58239,410.96622,177.99228,-62.583595,481.4897,231.3788,-47.60493,399.7321,225.74312,-54.935654,489.3939,279.82376,-127.40885,386.4458,269.03574,-130.61932,493.98108,294.20944,-144.3162,380.90225,282.16586,-146.8307,491.035,295.04013,-170.14711,382.33206,283.01434,-175.358,486.94244,289.73724,-139.6097,388.50363,279.08517,-144.39648,458.44168,280.54678,-0.06969174,419.77853,280.50595,0.47317946,455.5757,358.12164,-22.06029,421.27487,357.9577,-37.65902,449.2581,430.4493,80.69403,420.04694,428.63702,72.541534,446.60352,440.65195,85.465225,421.8639,439.01328,77.74918,451.0573,455.34323,1.5268172,415.39316,451.79037,-13.589479
108newa2 - Copy.png,440.0025,134.42668,-226.36595,443.508,130.11145,-214.04117,446.12573,130.11667,-214.00201,448.80746,130.07114,-213.94878,435.88116,130.52676,-213.55206,433.1836,130.7388,-213.47546,430.45624,131.01326,-213.45015,452.7254,135.36998,-138.57748,427.47827,136.37921,-132.00168,445.39166,142.25667,-198.29774,435.5756,142.6161,-196.48305,472.03772,180.50249,-84.24151,408.78122,177.8596,-89.14415,480.70932,232.45305,-65.51001,396.56915,227.07999,-83.6738,487.6564,282.83304,-140.47202,384.14627,271.25433,-155.16212,491.79205,297.4316,-156.39638,378.6649,284.01944,-171.82504,487.92313,298.2285,-181.78275,381.0551,285.89645,-199.44014,483.78583,292.84583,-151.99454,387.96005,282.10104,-168.18484,458.04865,280.65964,2.0450103,418.3828,281.0247,-1.7105881,456.18378,360.07983,-20.46709,421.48306,359.17145,-45.82046,450.92596,432.6302,90.319336,418.5828,429.52927,74.75213,448.17267,443.12787,96.01057,419.91705,439.7894,81.30148,452.9155,457.55206,11.467,414.63376,453.10855,-10.584971
108newa2.png,440.0025,134.42668,-226.36595,443.508,130.11145,-214.04117,446.12573,130.11667,-214.00201,448.80746,130.07114,-213.94878,435.88116,130.52676,-213.55206,433.1836,130.7388,-213.47546,430.45624,131.01326,-213.45015,452.7254,135.36998,-138.57748,427.47827,136.37921,-132.00168,445.39166,142.25667,-198.29774,435.5756,142.6161,-196.48305,472.03772,180.50249,-84.24151,408.78122,177.8596,-89.14415,480.70932,232.45305,-65.51001,396.56915,227.07999,-83.6738,487.6564,282.83304,-140.47202,384.14627,271.25433,-155.16212,491.79205,297.4316,-156.39638,378.6649,284.01944,-171.82504,487.92313,298.2285,-181.78275,381.0551,285.89645,-199.44014,483.78583,292.84583,-151.99454,387.96005,282.10104,-168.18484,458.04865,280.65964,2.0450103,418.3828,281.0247,-1.7105881,456.18378,360.07983,-20.46709,421.48306,359.17145,-45.82046,450.92596,432.6302,90.319336,418.5828,429.52927,74.75213,448.17267,443.12787,96.01057,419.91705,439.7894,81.30148,452.9155,457.55206,11.467,414.63376,453.10855,-10.584971
111newa2 - Copy.png,438.9933,134.52063,-227.13713,442.5772,130.29333,-215.27292,445.09485,130.26483,-215.24358,447.67715,130.19164,-215.19308,435.3416,130.74835,-213.96541,432.8667,130.96715,-213.89922,430.36273,131.24622,-213.88345,452.14465,135.3123,-140.32652,428.22153,136.461,-129.99252,444.53345,142.13239,-199.27982,435.29196,142.54102,-196.39392,472.8228,180.46904,-80.90554,409.67682,178.19421,-85.62304,482.14514,231.75664,-62.773518,398.55847,227.75641,-79.48554,489.36337,279.80344,-144.6234,385.30316,270.0759,-158.11882,493.46692,293.67438,-162.53876,380.01157,282.25555,-176.89497,490.56744,294.43225,-188.6741,381.418,283.18466,-205.77682,486.56543,289.0746,-157.08887,387.85904,279.26575,-172.39342,458.58472,280.40378,1.8685144,418.72635,280.67307,-1.5023948,457.81796,360.206,-22.839315,420.61972,359.52493,-40.965836,452.61478,433.3335,90.99332,418.87576,430.7245,81.87342,449.75034,443.55676,96.75766,420.64597,440.84738,88.17175,455.70267,458.73203,9.758234,414.6642,455.07516,-6.722608
111newa2.png,438.9933,134.52063,-227.13713,442.5772,130.29333,-215.27292,445.09485,130.26483,-215.24358,447.67715,130.19164,-215.19308,435.3416,130.74835,-213.96541,432.8667,130.96715,-213.89922,430.36273,131.24622,-213.88345,452.14465,135.3123,-140.32652,428.22153,136.461,-129.99252,444.53345,142.13239,-199.27982,435.29196,142.54102,-196.39392,472.8228,180.46904,-80.90554,409.67682,178.19421,-85.62304,482.14514,231.75664,-62.773518,398.55847,227.75641,-79.48554,489.36337,279.80344,-144.6234,385.30316,270.0759,-158.11882,493.46692,293.67438,-162.53876,380.01157,282.25555,-176.89497,490.56744,294.43225,-188.6741,381.418,283.18466,-205.77682,486.56543,289.0746,-157.08887,387.85904,279.26575,-172.39342,458.58472,280.40378,1.8685144,418.72635,280.67307,-1.5023948,457.81796,360.206,-22.839315,420.61972,359.52493,-40.965836,452.61478,433.3335,90.99332,418.87576,430.7245,81.87342,449.75034,443.55676,96.75766,420.64597,440.84738,88.17175,455.70267,458.73203,9.758234,414.6642,455.07516,-6.722608
112newa2 - Copy.png,438.83484,135.85686,-212.52509,442.88516,131.54353,-202.59875,445.49405,131.5638,-202.57294,448.17136,131.53647,-202.52003,435.56342,131.81883,-200.51788,433.08466,131.94806,-200.46342,430.57657,132.1307,-200.4589,453.01712,136.32632,-133.55513,428.81265,136.8163,-121.4462,444.48676,143.41776,-186.41068,435.21402,143.55205,-182.91518,474.31107,180.25928,-75.480034,409.9928,177.20735,-81.04592,484.0865,232.5357,-51.720898,398.71677,227.78256,-74.004135,490.07816,280.71362,-123.32182,385.54938,269.91486,-146.33124,493.5597,294.901,-138.81146,380.43924,282.21982,-161.6097,490.4675,295.42432,-163.82149,380.92142,283.35678,-190.0022,486.48703,289.6616,-134.77112,387.59747,279.21213,-159.9567,459.45227,279.31244,5.3497615,419.19986,278.93243,-4.976894,455.6481,360.27084,-7.405314,419.62677,358.52777,-47.644123,449.51788,434.3818,89.56133,416.42896,433.67764,53.913235,445.83188,445.3213,93.64428,418.18652,444.49533,58.269802,454.52313,458.66107,8.95075,411.1215,457.98322,-34.855824
112newa2.png,438.83484,135.85686,-212.52509,442.88516,131.54353,-202.59875,445.49405,131.5638,-202.57294,448.17136,131.53647,-202.52003,435.56342,131.81883,-200.51788,433.08466,131.94806,-200.46342,430.57657,132.1307,-200.4589,453.01712,136.32632,-133.55513,428.81265,136.8163,-121.4462,444.48676,143.41776,-186.41068,435.21402,143.55205,-182.91518,474.31107,180.25928,-75.480034,409.9928,177.20735,-81.04592,484.0865,232.5357,-51.720898,398.71677,227.78256,-74.004135,490.07816,280.71362,-123.32182,385.54938,269.91486,-146.33124,493.5597,294.901,-138.81146,380.43924,282.21982,-161.6097,490.4675,295.42432,-163.82149,380.92142,283.35678,-190.0022,486.48703,289.6616,-134.77112,387.59747,279.21213,-159.9567,459.45227,279.31244,5.3497615,419.19986,278.93243,-4.976894,455.6481,360.27084,-7.405314,419.62677,358.52777,-47.644123,449.51788,434.3818,89.56133,416.42896,433.67764,53.913235,445.83188,445.3213,93.64428,418.18652,444.49533,58.269802,454.52313,458.66107,8.95075,411.1215,457.98322,-34.855824
115newa2.png,438.95215,134.99884,-222.54576,442.93115,130.58656,-209.50026,445.5708,130.60959,-209.4716,448.27585,130.59216,-209.40724,435.2768,130.89673,-209.35556,432.68796,131.05696,-209.28342,430.07404,131.2782,-209.28796,452.92453,135.70644,-130.7818,427.88034,136.43079,-125.08296,444.74728,142.71196,-193.14946,434.98727,142.95468,-191.62482,472.9413,179.71848,-69.65841,409.7272,178.57843,-84.78247,482.75015,227.5579,-57.66822,397.38107,226.77092,-75.929115,491.00122,274.531,-165.79991,384.5024,270.75003,-148.2471,495.30957,289.4201,-188.74449,378.714,283.9357,-165.76488,492.14224,289.27084,-217.2307,380.83173,285.0692,-196.70543,488.34375,283.8805,-180.17361,386.96896,280.86432,-162.99081,459.5476,279.1743,2.4110663,420.258,279.65732,-2.0695612,457.77402,356.8565,-19.537487,421.1514,358.37372,-37.680042,450.14813,428.53934,85.69339,419.80167,429.25275,74.244965,446.8316,438.54666,89.714516,421.7092,439.61655,78.940216,451.7365,453.93268,1.0571213,414.86807,453.49973,-17.773819
119newa2.png,440.36603,134.15833,-184.15085,443.76962,129.957,-173.10858,446.26443,129.89743,-173.08466,448.82947,129.7913,-173.04721,436.48892,130.44008,-171.49551,434.0195,130.65427,-171.43613,431.5209,130.92557,-171.42395,453.3457,134.42871,-105.55085,429.31186,135.80562,-93.57116,445.9504,141.57532,-159.09073,436.8284,142.07286,-155.66913,475.63208,178.87878,-58.557144,411.10696,177.47424,-57.91754,485.06815,230.901,-45.98609,398.24744,229.22255,-54.750713,491.90732,279.79007,-124.43474,382.14117,270.73157,-126.857155,495.8848,293.60504,-140.91774,376.006,282.2376,-142.37993,492.7797,294.2751,-165.15358,376.78683,283.28387,-169.67326,488.75378,289.13715,-136.17516,383.64774,279.79797,-140.27335,462.27344,280.69406,-1.5273796,421.90173,281.38846,1.8959957,460.23715,357.5814,-26.622448,421.1294,358.40662,-40.46067,451.83176,430.46265,76.15954,418.10004,429.03995,71.3264,448.76816,440.5303,80.94928,419.6601,439.0936,76.70305,452.38086,455.59613,-0.8094531,414.13547,452.56906,-12.69956
121cc.png,428.79694,158.52109,-360.72308,436.2506,150.19234,-343.38678,440.7359,150.35335,-343.3397,445.25854,150.45796,-343.27386,424.82678,150.22923,-336.123,420.8382,150.3099,-335.97705,416.8303,150.4743,-335.9391,454.63248,156.89853,-247.17564,415.53723,156.90326,-212.3124,438.7842,169.52151,-325.88858,422.52478,169.41315,-315.93124,489.98688,215.87587,-205.709,392.8683,217.10756,-163.26744,508.2772,294.84518,-197.26917,388.01114,295.48022,-171.48032,517.4068,367.59442,-280.7541,403.83875,368.565,-259.6437,525.24536,389.33768,-308.02695,404.33203,391.97556,-287.56262,514.63684,392.8289,-328.9142,417.39575,392.65475,-313.2385,508.22177,384.37527,-288.7395,422.06503,383.02267,-271.643,482.37085,356.1682,-23.120918,423.9811,359.61658,24.09678,487.62823,449.10922,-123.14591,425.89014,452.54623,7.342233,489.92975,534.13544,54.18471,431.7665,529.5757,218.39178,493.4006,546.649,66.72403,433.25293,542.1303,230.53516,481.2084,569.17487,-28.269566,436.6342,562.1821,134.68156
121newa1.png,475.08325,80.46814,-236.74315,480.90158,72.84664,-221.12248,485.0275,73.19378,-221.03336,489.24094,73.48188,-220.98697,469.73227,72.18199,-221.43494,465.42743,71.920815,-221.32224,461.08237,71.73567,-221.2385,494.33524,80.33678,-135.82573,455.34796,77.90902,-134.34431,482.33453,91.472664,-205.18834,466.61707,90.41411,-205.15459,515.8955,139.84497,-93.70904,423.85846,132.3095,-97.03531,522.2847,213.44858,-74.1563,406.03714,204.75276,-99.72633,536.71594,282.78256,-142.68631,391.20752,272.11142,-162.32649,545.2552,303.38046,-155.49648,383.0525,290.29248,-175.88322,538.53973,306.566,-182.39694,390.89984,294.12167,-205.76076,530.1182,299.65634,-152.52086,400.9519,288.31915,-175.05,492.9238,274.47806,-0.20392008,437.2726,274.67004,0.94689196,492.51596,367.73022,-75.80673,443.08813,372.837,-39.916527,487.38608,449.60275,71.64741,447.09113,446.76456,137.42026,484.4881,461.1298,82.293945,448.6955,457.2638,147.84935,489.94086,485.46918,1.6612129,450.62778,481.34445,61.288956
122cc.png,431.72003,163.01828,-317.64575,438.02335,154.0048,-301.46252,442.2943,153.89662,-301.3699,446.60956,153.73824,-301.32687,426.82184,154.52515,-297.83545,422.90164,154.6709,-297.71396,418.94647,154.9101,-297.66672,455.2888,158.68008,-198.40215,416.72214,160.39209,-180.11139,441.36487,172.74074,-278.47437,425.86328,173.28075,-273.6203,489.93005,213.21912,-136.88379,393.86087,216.92194,-142.65134,507.19604,291.35046,-115.52049,384.39883,295.52835,-144.86354,515.32776,367.42456,-232.55264,402.48834,373.1153,-227.1938,524.31323,392.262,-265.58197,401.2544,399.3579,-257.97363,512.85583,395.34906,-292.2855,419.01166,399.58752,-288.28683,506.37418,386.60898,-244.59677,424.4308,389.45105,-241.01219,485.61057,366.3641,-7.3654923,425.88318,369.918,8.288387,483.6016,471.35193,-72.96579,425.1092,469.81747,-34.694508,480.38052,567.1431,100.26743,428.87424,561.68787,142.28766,481.37732,580.0427,111.65879,428.6587,575.8151,151.1708,474.27728,604.7113,10.430423,436.15497,595.31415,40.19617
122newa1.png,473.65787,80.97259,-281.88983,479.10468,72.43574,-265.87152,483.29645,72.51036,-265.7759,487.5803,72.5212,-265.7319,467.7195,72.51217,-265.85132,463.3301,72.49026,-265.7298,458.906,72.55445,-265.63928,492.77594,79.32936,-168.85924,453.19254,79.07459,-165.56967,481.376,91.5798,-245.42502,465.42105,91.4882,-244.83995,515.9187,139.4852,-108.29123,423.7053,134.61345,-114.05032,522.42883,212.90677,-74.96323,407.25183,205.86629,-105.59028,535.5843,282.2541,-161.27885,390.6983,272.54675,-191.13472,543.7346,303.75974,-178.57693,382.593,291.2015,-210.98378,536.12976,306.07483,-210.33759,388.5619,295.51144,-245.40059,528.3161,298.59875,-172.95648,398.7148,289.35364,-206.45247,496.4063,275.6911,8.109065,440.5313,277.01822,-7.444881,500.8113,371.8478,-89.850815,450.6855,380.8194,-67.6315,489.6352,459.55215,83.75515,459.427,458.7462,140.05731,484.85257,470.34872,96.92429,461.75522,468.95734,153.63681,492.79803,499.64157,3.2950733,463.83865,496.1566,58.522045
123cc.png,427.8245,161.7259,-300.74197,435.70596,152.60338,-286.95462,440.2445,152.54646,-286.88568,444.84277,152.43982,-286.85217,424.23166,153.04381,-279.65433,420.47958,153.18285,-279.53027,416.68216,153.41824,-279.48483,456.00916,157.97083,-193.57986,416.9055,159.06111,-158.1076,438.82782,172.33243,-265.0135,423.31693,172.65819,-255.1808,493.5128,215.22504,-136.44728,392.93347,218.12074,-114.58065,507.79233,295.90305,-117.43814,383.79855,297.65814,-104.88241,518.3959,372.09644,-232.6061,401.04062,374.8136,-191.24318,528.67474,396.3412,-264.25537,400.13605,400.84567,-219.91379,517.1635,399.9619,-292.8521,416.3327,401.02936,-250.96858,509.4319,391.30222,-244.98944,422.18454,390.95322,-205.13383,484.35648,369.47983,-16.378948,420.80396,372.26477,17.234451,484.46365,475.5693,-49.3312,418.16278,474.90576,-7.5726213,479.83594,576.11945,116.66538,421.39337,570.23553,156.2039,481.00174,589.7955,126.5901,422.73026,584.54596,163.35751,471.91476,612.6409,23.356361,424.1475,603.8025,52.26973
123newa1.png,474.27097,80.7787,-280.59302,479.44763,72.45221,-262.74442,483.57767,72.457664,-262.66177,487.7999,72.391525,-262.61298,468.09326,72.728485,-263.5515,463.74652,72.7823,-263.4293,459.36053,72.9251,-263.34933,493.08316,79.15986,-160.20206,453.81583,79.65798,-161.13782,482.20853,91.30928,-242.4093,466.39456,91.489655,-243.08562,517.41644,140.45934,-94.02616,423.96002,135.92464,-109.61938,522.8067,215.09119,-56.05977,405.0246,205.35355,-97.74327,536.61426,283.75098,-151.07443,391.33325,271.52463,-193.18283,544.9287,305.22488,-169.53796,384.11194,290.72858,-217.6386,538.9308,308.03656,-203.25552,391.0688,294.38458,-252.63034,531.5052,300.64554,-163.9384,400.36624,287.6712,-209.15448,498.88046,278.47202,13.571897,442.21466,281.35757,-12.858156,505.2902,376.2308,-72.24887,456.42914,387.0941,-63.675568,498.95905,468.54785,97.67227,466.66925,470.27188,135.56793,494.175,479.81412,109.65027,468.94263,480.901,147.5017,504.9087,509.54474,7.5331593,472.91428,508.31268,39.990074
124cc.png,431.64227,160.80525,-307.0159,438.984,152.14761,-290.25162,443.38687,152.28078,-290.15543,447.83252,152.36682,-290.06454,427.55338,152.16902,-284.6399,423.64792,152.18504,-284.52032,419.71384,152.29189,-284.45862,456.63907,157.86256,-193.81161,418.1919,157.72694,-166.05467,441.2861,171.81688,-271.1492,425.70142,171.64287,-263.28726,491.20245,214.96811,-154.07707,393.37744,217.43314,-125.89435,507.04865,293.07657,-141.4087,386.55038,294.71255,-124.14692,521.967,369.4328,-240.55234,403.51926,370.9456,-200.81511,533.51575,393.80154,-268.1033,402.26425,396.8245,-223.52373,521.771,399.8813,-293.60962,418.30786,398.65454,-254.13998,514.5015,390.49463,-250.97304,423.64166,388.45663,-213.2101,484.1864,364.24728,-21.802958,423.78088,366.53278,22.729765,488.46085,463.37973,-117.14607,422.25974,462.98724,-4.1370454,487.86176,553.9403,51.177395,427.46268,547.27747,180.99644,490.4271,567.5546,62.62465,429.19272,561.65594,190.81058,478.64548,591.11993,-36.258976,432.10153,580.68713,88.653114
124newa1.png,472.69983,80.04313,-290.29202,478.02768,71.567085,-273.81714,482.06747,71.66742,-273.72275,486.18378,71.69736,-273.6629,467.10236,71.601006,-275.3219,462.8309,71.56443,-275.1817,458.5322,71.61199,-275.07224,491.1608,78.77972,-171.60518,452.92908,78.320045,-176.977,480.10913,90.79263,-251.87328,464.651,90.67282,-253.77753,512.60144,137.8426,-103.99755,424.15945,134.4493,-124.39497,521.1341,209.87178,-62.39151,406.49692,204.23395,-117.56802,537.07745,282.95764,-152.00952,392.20178,272.17242,-209.81166,546.86584,305.89108,-168.95135,383.97345,291.732,-233.87955,538.6198,309.11194,-202.46455,390.9187,295.96222,-268.60574,530.4906,301.13913,-164.43097,400.5481,289.3544,-225.44962,493.83856,277.32727,15.16666,440.56476,278.89944,-14.434537,497.32227,380.9631,-28.195692,452.80804,386.46216,-67.50523,488.28256,478.865,105.43828,463.77588,479.20428,79.71484,482.43652,491.87006,113.6634,465.49557,491.5282,85.66786,498.1436,518.92804,18.15584,470.1932,517.4626,-29.14318
125cc.png,427.4105,160.49931,-291.5044,435.70306,151.69801,-278.23184,440.1368,151.80052,-278.13364,444.63037,151.8495,-278.0398,424.61154,151.78285,-269.7162,421.04636,151.80637,-269.60324,417.43198,151.92528,-269.5431,455.7098,157.38899,-190.23033,418.1928,157.32047,-149.61806,437.963,171.48177,-257.91833,422.98425,171.33221,-246.4896,491.9392,213.66472,-139.78706,394.9369,216.06042,-105.65779,509.43042,292.9698,-120.328415,385.8801,294.89758,-96.46904,520.03015,369.73065,-225.50798,402.0655,370.96732,-180.50908,530.6084,393.9539,-255.82301,401.15247,396.33823,-205.33365,518.2053,398.8942,-281.69177,416.51968,397.64108,-237.67155,510.89066,389.99783,-236.35342,422.48767,387.71555,-194.63333,485.9751,366.57465,-19.996332,423.87817,369.55933,20.903809,487.11206,467.89294,-87.514656,422.7489,468.87027,-1.0829666,484.36066,567.60297,63.26287,428.106,561.91656,155.49847,486.8198,581.9285,71.83246,429.39038,577.06793,162.33989,473.3257,603.9204,-31.52143,432.37527,593.83325,55.786232
125newa1.png,471.65027,80.43662,-254.09937,476.78864,72.16307,-237.29158,481.08463,72.12093,-237.22101,485.46857,72.01837,-237.18758,465.0799,72.556,-236.04364,460.58105,72.710884,-235.9102,456.04147,72.95549,-235.84026,491.23505,78.77831,-148.66931,450.56345,79.913506,-138.52028,480.14917,91.13203,-221.58998,463.78067,91.489204,-219.06268,515.97876,140.26964,-109.28634,421.948,133.92368,-89.496994,521.4135,215.81258,-89.499504,404.82245,205.06058,-85.66048,535.7953,283.4306,-161.12485,390.6804,274.18338,-159.69331,544.73486,303.01044,-176.31364,383.06644,292.86182,-173.39513,539.0535,306.34055,-204.12453,389.39026,296.89087,-206.80486,530.9337,299.84195,-171.4709,399.54898,290.6997,-174.56375,491.6463,276.7805,-7.378018,434.967,277.30963,8.099124,490.55847,369.89185,-117.680664,440.01086,378.13016,-36.681217,487.47998,459.0764,40.019245,445.0098,452.45892,165.85379,486.65176,470.96075,51.356335,448.4468,462.9151,178.77646,486.179,497.59064,-41.939186,442.73895,488.44473,90.24519
126cc.png,431.9323,162.07388,-318.5983,438.7347,152.68892,-302.4241,443.2524,152.56117,-302.32022,447.8142,152.3834,-302.2522,426.9938,153.27069,-298.5342,422.96832,153.4426,-298.41577,418.90582,153.70786,-298.35013,457.32275,157.44484,-199.50017,417.21503,159.2387,-178.95854,442.29004,172.21603,-279.35928,426.31802,172.80632,-273.82422,492.2955,214.0155,-135.0691,393.4907,215.40366,-140.36028,508.6859,292.31915,-111.54858,385.4796,293.32886,-135.42496,521.9452,366.78378,-225.14937,399.75308,371.35263,-215.91493,532.71783,390.37024,-253.6951,397.5476,397.04605,-242.9103,522.4886,394.17227,-284.0341,413.17453,399.07584,-275.8719,514.86115,386.02612,-238.54106,419.70514,389.56412,-230.51355,484.57263,366.75787,-6.7934093,422.21402,369.35773,7.649481,487.2105,470.2885,-77.039375,424.4153,470.30206,-29.136667,485.7026,568.3935,97.25173,429.43848,562.9337,146.33139,487.12097,582.61444,108.32943,429.52872,577.9198,154.95363,479.1191,604.19226,1.5938327,436.66708,594.8628,40.465034
126newa1.png,470.2535,79.19234,-216.45523,475.56473,71.07209,-198.72845,479.7849,71.03972,-198.65594,484.099,70.944916,-198.64757,463.96436,71.452576,-198.7544,459.5231,71.60468,-198.64105,455.03815,71.84008,-198.5978,489.87024,77.70685,-109.56779,449.6865,78.75019,-106.88016,478.62793,89.90622,-184.0219,462.4502,90.309525,-183.61816,514.4308,139.75786,-66.94269,420.76752,135.71434,-70.749146,521.21027,214.22142,-39.470154,403.0035,207.47801,-71.47046,537.5436,281.4976,-117.69368,389.33252,275.201,-145.93216,546.9376,301.4512,-131.32126,381.96594,293.5336,-161.45439,541.86847,305.61743,-161.01689,388.49088,297.9091,-194.14734,533.68005,298.90576,-128.8989,398.4502,291.67624,-160.71814,492.22183,279.87152,1.8164066,435.21664,282.17523,-1.0451595,496.52563,374.61667,-64.91167,443.03217,385.43478,-46.9546,495.63602,458.55838,102.87713,449.21454,458.90543,165.24287,493.92078,469.69775,115.03978,451.37952,468.54538,179.40433,497.74304,495.91135,29.382282,452.89255,494.4422,93.72734
127cc.png,427.6485,159.06538,-291.07794,435.61145,149.63504,-278.9043,440.14105,149.48618,-278.83286,444.74,149.28773,-278.7795,424.3291,150.32152,-269.4251,420.7094,150.5524,-269.31302,417.04553,150.8858,-269.2573,456.74915,154.62848,-191.21355,418.551,156.41856,-145.18112,439.08737,169.75383,-257.28372,424.05905,170.4018,-244.2875,494.85583,214.30151,-131.3598,396.90295,214.3175,-101.51294,508.19653,294.22964,-114.12392,386.10162,290.86575,-88.44483,519.4474,368.7396,-231.82437,399.28687,368.86542,-181.22829,529.5481,392.24878,-262.38937,397.44904,395.19833,-211.11952,519.74866,395.24222,-291.71786,412.90335,396.50037,-243.45888,512.6291,386.92584,-244.83607,419.27466,386.85196,-196.08447,483.93277,369.36987,-18.814432,421.51468,370.66302,19.668533,487.18036,469.84283,-72.75543,420.20273,469.49454,3.8994303,481.7401,568.2022,97.44649,424.19534,560.2951,172.25262,482.92267,582.7018,107.792534,425.60123,575.0587,180.333,473.07867,602.5544,0.83838505,425.71738,591.3653,69.10141
127newa1.png,467.87848,80.32271,-223.11604,473.77615,71.908,-208.08237,478.11234,71.9107,-207.98976,482.54337,71.85034,-207.95209,462.1668,72.04781,-206.72075,457.7498,72.061714,-206.62724,453.2899,72.15882,-206.56987,489.08118,78.13891,-125.25152,448.64148,78.42101,-116.23096,476.54303,90.81835,-192.60979,460.3238,90.91249,-190.38313,513.6598,138.65205,-83.27514,420.20508,134.08499,-78.25729,519.1656,213.84206,-58.229733,403.07892,206.73785,-76.441284,535.8004,281.45337,-121.33366,388.60287,273.94702,-139.49585,544.9264,301.03232,-131.44075,380.38974,291.70612,-151.132,540.2989,305.1772,-159.8425,386.9731,296.19714,-183.27783,531.88776,298.8666,-131.83273,397.2833,290.26926,-153.78282,492.17548,277.73605,-1.9477522,435.4351,279.2287,2.6680033,496.39984,376.5285,-58.67275,442.3776,383.02484,-36.532883,494.39853,453.1415,117.08054,448.94736,451.25388,187.07256,492.41446,462.58044,130.42166,451.12424,459.36795,203.26682,495.15472,490.1021,50.57063,453.1986,487.1318,126.42499
128newa1.png,467.9178,79.685234,-248.66998,473.29816,71.266,-232.99907,477.5963,71.174904,-232.90775,481.98526,71.02315,-232.87813,461.6636,71.79091,-231.50627,457.20523,71.98282,-231.374,452.70203,72.25815,-231.295,488.09888,77.67813,-145.3137,447.56915,79.16871,-135.06322,476.51227,90.21317,-216.27437,460.23068,90.74934,-213.71709,512.97406,139.78606,-99.48595,420.10306,135.11072,-87.03092,518.48145,214.33057,-72.74415,402.0046,205.79541,-81.10209,533.5427,280.88287,-148.47633,389.17947,274.6007,-158.53384,542.1346,300.52942,-163.80798,381.57202,293.3703,-174.88344,536.88495,303.9745,-193.14186,389.19324,298.07733,-209.42033,528.7264,297.23962,-159.44746,399.56448,291.41714,-174.20029,491.42795,277.42126,-2.5114748,435.67627,279.17255,3.2157173,492.81464,372.9005,-71.735466,442.72382,380.3906,-44.481762,490.1754,455.699,99.029625,445.24222,453.40125,166.70418,488.40512,466.6602,111.57015,447.56537,463.38553,180.79567,490.44727,493.82303,22.812925,445.2424,489.32877,93.79661
129cc.png,430.09497,160.05174,-278.91034,436.98825,151.46634,-264.0405,441.24075,151.2326,-263.95486,445.5623,150.93808,-263.9749,426.02686,152.517,-258.6868,422.527,152.90494,-258.61682,419.00272,153.38129,-258.5581,456.41046,156.73889,-160.7868,419.93936,159.62383,-134.80772,441.18405,170.71329,-238.63976,426.9838,171.90671,-231.63171,491.12717,216.72963,-67.91442,400.00934,217.48238,-94.87761,506.98328,296.62442,-24.902527,388.4438,295.10602,-68.97708,525.1516,371.7754,-161.84756,399.96075,369.8267,-181.9913,535.62714,396.10416,-195.79669,397.93015,395.19928,-221.50597,528.086,397.18405,-230.68855,411.8437,394.76,-256.59348,521.1962,388.95483,-178.23695,417.32175,385.4497,-198.72311,483.75766,371.28714,10.739082,423.5799,372.325,-9.925693,489.2311,489.92743,-35.15239,422.3647,490.92007,-64.59647,487.69092,606.2157,106.77487,428.2408,604.9628,75.41684,485.94336,622.60254,113.10881,428.1815,621.11456,80.16132,491.95602,641.48975,-13.01354,436.1811,639.99554,-57.36556
130cc.png,432.51596,160.81575,-301.4871,439.32886,152.30641,-285.46277,443.57916,152.19353,-285.39523,447.88983,152.01724,-285.3993,428.23178,152.99368,-281.7282,424.5847,153.25427,-281.6354,420.9084,153.60504,-281.5678,457.76544,157.87112,-176.29716,420.5624,159.81401,-157.83862,442.9906,171.6321,-259.3619,428.40836,172.34557,-254.49916,490.4686,218.81503,-83.067696,399.52945,217.71129,-115.47039,505.81885,299.18494,-41.685448,389.52917,294.47806,-96.31474,521.76605,373.3782,-172.54446,402.63058,368.83276,-207.55568,531.7387,397.01196,-203.8773,400.42944,393.93802,-245.42686,523.4913,398.94196,-238.07825,414.86832,394.50183,-278.92545,516.5539,390.55728,-188.28734,420.55737,385.11325,-223.54233,483.55304,370.40714,11.900511,424.8356,371.15036,-11.093502,486.2676,486.65195,-17.535557,419.90192,484.9979,-58.413807,487.22958,596.53864,125.54162,422.70224,593.87354,89.117775,485.5123,612.4247,131.71748,422.38602,609.6325,94.30508,493.25885,630.9879,5.5434036,427.39633,629.13983,-44.755817
131cc.png,433.40482,160.92178,-340.7911,440.84195,152.3099,-324.35852,445.24173,152.39352,-324.25452,449.6748,152.42737,-324.18347,429.56097,152.41571,-318.83783,425.80145,152.4251,-318.7203,422.00348,152.53323,-318.64905,459.30167,158.00026,-219.96265,421.147,158.09381,-192.76782,443.337,171.39484,-301.11765,427.97202,171.29521,-293.62094,493.77823,213.84189,-156.92491,397.25156,214.64885,-146.03325,511.4812,293.32495,-138.82768,387.92825,292.96716,-141.91,525.2405,367.91315,-237.56279,403.01068,369.5447,-226.01617,536.5626,390.67456,-263.41214,401.19067,395.1441,-254.24329,526.351,395.5202,-293.36755,417.09555,396.38403,-285.28357,519.22516,387.8438,-250.51263,422.78442,387.02573,-240.04034,487.44904,364.06305,-12.521849,426.08136,366.85196,13.385535,487.61426,466.40353,-78.65558,424.50504,465.91898,-12.72427,485.57083,563.63007,96.82549,429.97647,557.8287,165.59,487.0577,578.03,107.72497,431.23215,572.2682,174.22995,478.8817,597.9413,0.67123735,433.5064,590.5764,60.63515
133cc.png,434.78506,159.5646,-326.5484,441.64664,151.60526,-308.75555,445.97037,151.6128,-308.64023,450.34784,151.5648,-308.583,430.31573,152.03246,-306.70898,426.55838,152.22916,-306.5995,422.77765,152.52576,-306.5272,459.78287,157.46417,-192.48006,421.6315,158.69084,-181.51808,444.8459,170.23552,-281.77402,429.8492,170.6239,-279.1306,492.5548,215.65813,-94.54726,399.1603,216.31837,-141.51443,509.12927,294.59067,-55.261856,389.08676,294.0769,-131.63448,525.96643,366.13116,-179.50021,404.0866,372.6463,-229.3896,536.96277,388.99606,-207.9769,401.2112,398.7607,-265.45206,528.38617,391.5923,-243.57031,418.08945,399.64984,-299.80374,521.16327,384.0261,-195.52914,424.2154,390.13416,-245.64412,489.9608,364.56152,13.8278055,428.71567,367.78076,-13.030331,492.63028,477.26715,-58.415634,429.99445,478.53857,-74.33661,492.35358,584.7134,98.49518,435.96725,581.66327,82.49735,490.8944,600.62335,106.86842,435.6716,597.71814,88.7518,495.46045,620.06915,-15.868713,443.94046,615.14417,-45.470783
134cc.png,433.45105,160.28558,-268.217,441.05725,151.9464,-253.60564,445.35626,151.95555,-253.5495,449.71915,151.91428,-253.55763,430.04974,152.2503,-247.71944,426.45328,152.34758,-247.6195,422.8244,152.54163,-247.57957,460.08398,157.6698,-156.22966,423.0329,158.24281,-127.79871,443.8286,171.16469,-230.8408,429.23395,171.32307,-223.09875,495.0193,217.19066,-88.0708,401.1193,217.46428,-81.78526,507.2926,299.61502,-56.09931,390.5143,294.83734,-63.28348,521.2893,373.2633,-176.7716,402.84833,368.57367,-162.50478,531.459,397.02185,-206.2609,400.8631,393.47757,-192.86548,522.9123,399.3167,-238.38216,414.77905,394.17654,-226.60962,515.5114,390.8851,-190.72482,421.20572,384.75668,-178.02574,490.3936,367.6515,-6.4981627,428.8109,369.56662,7.334585,493.9036,479.09378,-51.908306,427.25635,479.061,-37.05603,491.49405,589.94025,96.457825,433.24048,585.34186,114.10485,491.02087,605.1556,104.327614,434.79483,600.8325,120.27325,488.15176,626.2508,-7.2029433,436.6391,619.23224,-2.142447
135cc.png,435.33365,160.87984,-328.2359,442.0418,151.89194,-311.36874,446.4064,151.66255,-311.26614,450.81586,151.37422,-311.25034,430.96265,152.71829,-308.5535,427.2254,152.988,-308.42932,423.4565,153.3651,-308.37866,460.89313,156.57895,-198.534,423.35046,159.003,-184.69052,446.22134,170.91772,-284.9219,431.16803,171.85788,-281.3358,494.70258,216.53343,-103.08898,402.31293,215.13187,-146.55653,507.2853,297.74033,-63.15916,389.3118,291.49142,-136.87343,521.7493,368.70282,-180.05988,403.1225,369.49115,-241.56534,531.1195,391.75125,-207.51196,400.60547,395.20065,-278.07733,523.4151,393.6182,-241.27628,416.44244,396.76813,-310.17282,516.99445,385.12448,-194.85316,422.4437,386.935,-256.69495,488.71268,365.1985,17.465137,431.2757,367.0627,-16.5766,487.4059,475.99063,-34.368607,429.22162,476.86035,-90.834465,484.19424,580.6043,120.81015,432.40222,576.9032,57.29224,482.03946,596.17316,129.15463,431.67087,591.52484,63.384434,488.8577,615.1403,14.268082,438.94922,612.3769,-64.9088
136cc.png,441.50525,160.87976,-293.8313,446.99765,152.49173,-275.24673,451.02872,152.55342,-275.15005,455.11038,152.54675,-275.15787,436.05997,152.61884,-277.62943,432.12906,152.65175,-277.55966,428.17215,152.76836,-277.52002,461.78998,158.04298,-161.16576,424.6291,158.40909,-170.44368,450.134,171.41515,-250.19424,435.38275,171.45638,-253.43428,492.68253,216.08836,-78.038216,400.65283,216.06216,-138.99968,506.9088,296.0925,-38.125294,393.55637,294.14267,-129.62929,522.25275,368.32635,-162.16655,408.66174,370.7317,-220.09033,531.37494,391.9129,-190.56345,406.7681,395.64658,-251.08664,523.6364,393.33865,-221.32407,420.56607,397.2156,-281.7719,516.53796,384.78986,-176.13313,426.27106,387.62054,-233.86902,492.63794,363.03983,21.512388,434.7609,366.05533,-20.677954,499.51935,475.9235,-10.108007,437.386,477.9745,-71.99437,500.73694,583.33124,123.40534,443.6908,583.4107,67.34117,498.51132,598.7956,130.16728,442.4948,599.177,72.509514,507.81024,619.57043,22.12455,453.83917,618.17944,-55.188297
137cc.png,438.90778,160.11057,-361.88504,444.80493,150.78635,-341.55865,449.2951,150.53603,-341.45248,453.81277,150.22958,-341.4065,432.90152,151.66043,-342.13477,428.68808,151.94008,-342.01144,424.44852,152.32318,-341.93,462.2762,155.7323,-219.64226,421.60022,158.6442,-220.94926,449.22806,169.97566,-315.89468,432.6986,171.03442,-316.6293,496.25314,214.38933,-132.32544,398.34027,213.75279,-188.52055,511.6535,296.6002,-102.49119,387.78458,292.73633,-187.19183,521.3535,373.4713,-216.70435,403.95703,368.20108,-277.546,530.2705,397.6298,-244.49318,401.6299,394.0425,-314.61267,520.8248,400.28665,-275.9616,418.43707,394.36237,-343.0007,514.8276,391.84814,-231.303,423.77756,384.97266,-291.04996,486.775,363.2223,16.198092,426.37946,364.94806,-15.338593,483.1507,471.89508,-34.416477,424.1876,471.15268,-59.590034,476.67154,571.0691,147.07509,428.75897,569.81744,124.82915,475.25085,585.0616,158.53589,428.19156,584.7717,133.87625,478.01065,608.0235,50.000492,435.8798,605.771,9.499063
138cc.png,437.17786,159.48514,-348.49945,443.03857,150.42833,-329.66403,447.40442,150.15837,-329.57278,451.8083,149.83434,-329.52655,431.5027,151.4357,-328.5954,427.4819,151.77904,-328.4706,423.43375,152.22261,-328.4095,460.68124,155.38724,-215.04483,421.36935,158.63313,-208.70255,447.61597,169.27455,-305.24103,431.6532,170.47388,-303.74725,497.08136,213.28406,-137.54997,399.42194,214.00853,-171.93687,512.39685,293.94205,-111.86346,389.13876,291.53214,-169.4569,522.75214,369.2913,-226.50954,404.35062,367.60706,-258.54224,532.5116,393.17004,-255.55156,402.0052,393.8434,-293.0084,522.39075,396.21194,-286.37558,418.19666,394.33896,-322.79834,516.1754,387.74878,-240.55867,423.536,384.87653,-272.2499,489.5702,360.087,6.591069,428.65244,362.29288,-5.7200675,486.2985,465.905,-49.943684,426.76376,465.61737,-52.776432,482.13208,566.48096,114.62143,431.03317,563.44653,111.31849,482.16525,580.3218,124.353745,430.8442,578.07153,118.1336,478.89218,602.9042,13.098041,437.87888,597.6922,-5.714714
139cc.png,436.10583,160.25221,-319.7007,443.3869,151.10834,-303.2468,447.8391,151.1574,-303.17072,452.3263,151.15675,-303.12463,431.97406,151.21452,-297.21155,428.0269,151.20541,-297.07178,424.04932,151.2992,-297.01434,461.50363,156.68134,-206.2726,422.79337,156.78519,-176.41725,446.1704,170.85518,-283.49927,430.21075,170.79271,-275.05658,496.936,213.75475,-165.30643,397.7131,215.28345,-132.81392,512.6538,294.68854,-153.69817,389.31836,293.93988,-128.04189,527.9768,370.76138,-246.0819,407.933,367.3227,-208.34097,539.6908,394.02206,-273.9454,407.6215,392.68192,-236.21716,528.79254,399.30307,-299.7873,423.49463,392.65897,-264.3396,522.0378,390.61426,-256.942,427.97842,383.00543,-220.66467,487.9355,365.2853,-24.118294,428.4642,368.10248,25.062468,490.2542,459.64703,-84.74898,424.38855,461.63577,23.279118,487.6217,551.35895,86.29774,429.3306,547.21124,206.29425,490.15887,564.2524,97.425545,430.93024,560.93115,215.50696,476.67142,587.747,-1.1062835,432.69534,580.39954,114.47691
140cc.png,437.6042,157.72946,-304.53204,444.4302,149.46425,-285.87335,448.6525,149.62549,-285.7853,452.9244,149.71773,-285.79727,433.36163,149.40079,-284.96954,429.59238,149.36894,-284.89413,425.79053,149.43178,-284.85068,461.476,155.83699,-169.93903,424.2219,155.39352,-164.19197,447.1938,168.83936,-260.377,432.27768,168.58093,-259.22705,493.2798,216.91263,-80.02803,400.498,213.76675,-127.121216,508.838,299.9162,-40.435528,391.17935,291.89078,-111.54994,521.1211,374.1746,-164.18317,406.6996,366.72742,-213.76173,530.0298,398.1196,-192.82167,404.67975,391.98483,-247.7834,520.8763,400.14963,-225.42241,419.682,392.69992,-278.8525,514.437,391.5235,-178.82628,425.1666,383.45706,-227.86261,489.18207,366.36978,16.86829,430.8408,368.29242,-16.009562,491.45862,480.79474,-13.285352,429.03082,481.68475,-62.80327,491.36072,589.34283,127.23871,433.2578,587.69836,72.12477,489.4006,604.64764,133.81306,432.34482,602.78375,76.592636,496.13974,624.6595,14.996199,440.60553,622.81915,-57.289978
141cc.png,442.2835,159.27686,-319.41965,448.70435,150.8094,-301.3196,452.9042,150.91843,-301.24527,457.15482,150.96756,-301.24146,437.46204,150.78505,-301.33597,433.5178,150.74454,-301.24503,429.538,150.80061,-301.20718,464.85196,156.58997,-185.4707,426.70587,156.3205,-184.41217,451.31436,169.98596,-275.18417,436.13733,169.77007,-275.3746,497.7325,215.38885,-103.128555,400.9886,215.11429,-140.72144,511.6171,297.01324,-64.18504,391.38736,293.5626,-129.7187,522.8688,370.64505,-190.9695,406.63788,368.65598,-224.28043,531.8182,395.00003,-222.93396,404.78833,394.02057,-258.65845,521.90796,396.81546,-255.49718,420.0341,394.39948,-290.067,515.1925,388.03326,-205.70288,425.4936,384.79282,-238.66963,493.1543,365.05576,9.133359,431.79767,367.37308,-8.290292,494.69928,477.14178,-32.415257,429.89157,477.6607,-56.4787,493.26843,585.3012,117.62304,433.98975,582.715,100.54123,492.2127,600.24774,125.56375,434.0885,597.86145,107.04891,493.27094,621.9512,8.848587,439.97266,618.1296,-23.76914
142cc.png,439.74927,157.4923,-279.6484,446.68454,149.46725,-261.1887,450.954,149.56178,-261.12045,455.28323,149.59969,-261.11646,435.32376,149.63133,-258.99832,431.47925,149.70789,-258.90466,427.5975,149.88272,-258.89316,464.0957,155.84395,-151.34938,425.89755,156.10771,-140.95851,449.49442,168.64655,-238.24658,434.28406,168.67882,-235.7019,496.5721,216.31937,-77.41597,401.71786,215.75615,-104.075775,510.8542,296.7556,-42.11453,390.08987,292.20395,-97.40985,524.12787,371.06677,-169.13605,406.57526,365.67633,-194.3276,534.0925,395.26474,-200.1962,405.23752,391.19498,-230.59384,524.3736,397.74615,-232.45891,421.41827,390.0783,-258.17627,517.6376,389.11288,-183.86113,425.99182,380.4799,-207.51163,491.32242,369.68954,4.2124934,430.08,371.7538,-3.3342946,493.34262,479.5137,-21.284,428.05157,480.21356,-38.93549,492.80582,586.4737,129.3909,431.87842,583.67737,110.67676,492.43713,601.40344,136.76207,432.25815,598.5396,116.1137,490.85464,621.13873,18.678522,437.75458,617.2833,-13.544958
143cc.png,438.19583,157.81305,-298.82117,445.73425,149.74814,-281.3733,450.06512,149.96823,-281.3078,454.44934,150.12465,-281.3047,434.4173,149.56476,-278.29083,430.64743,149.49149,-278.21512,426.83585,149.5158,-278.1884,463.64832,156.4671,-171.86063,425.67175,155.50854,-156.65161,447.9509,169.21414,-257.278,432.85522,168.77327,-253.37029,496.90405,216.18544,-91.65137,400.92212,215.39732,-113.62974,514.6275,297.24127,-55.41334,389.3878,293.1733,-97.995445,525.91156,370.42444,-179.98647,405.238,368.72556,-195.89502,534.3138,393.9613,-210.27472,403.85306,394.37088,-229.7942,524.9149,395.72952,-241.4881,419.107,394.55777,-260.30032,518.4948,387.39856,-194.16187,424.33386,384.97406,-210.08925,493.83078,367.22522,4.628268,431.5306,369.79233,-3.852588,500.91803,479.20218,-16.427212,431.13406,481.29422,-37.15708,502.0076,587.99896,131.33986,436.57913,587.9485,116.426796,500.9786,602.7554,138.56425,437.33392,602.8711,122.45111,503.17645,624.3807,19.322332,442.3348,623.0536,-10.535513
145cc.png,438.6272,157.74559,-339.07584,445.9906,149.15288,-321.0823,450.47113,149.26855,-320.99203,454.98816,149.33224,-320.97833,434.48575,149.10321,-318.0437,430.5201,149.0567,-317.91382,426.51544,149.12115,-317.83832,464.24942,155.34386,-207.78957,424.9648,155.02164,-192.63438,448.55716,168.35735,-296.30984,432.51663,168.15128,-292.3357,498.39578,214.56845,-133.37872,400.11328,212.70665,-147.24109,515.0491,295.85013,-107.232285,389.35297,290.87177,-141.93356,521.6499,370.7083,-222.09958,407.22534,368.2803,-238.14386,529.8468,394.91687,-251.65146,405.75842,394.8022,-272.87015,518.78845,397.472,-280.67462,423.0723,395.30612,-302.7611,513.0049,388.7127,-234.89243,428.35944,385.59152,-251.97815,489.25214,363.91507,-1.1445674,428.23743,365.90527,2.0033853,485.41675,470.62067,-54.932686,424.55865,469.22452,-52.334938,480.05295,572.293,108.610634,427.10748,566.23254,101.762726,479.64755,586.61194,118.7831,427.6437,581.17487,107.97659,476.04874,609.5455,10.135131,430.6226,600.68964,-14.45582
146cc.png,439.41626,158.56416,-294.86932,446.86176,150.16603,-276.6026,451.1374,150.42378,-276.53433,455.47095,150.6184,-276.56082,435.51245,149.79686,-275.12476,431.6914,149.6281,-275.05383,427.82364,149.55862,-275.03116,464.26828,156.74503,-160.9136,426.17383,155.11649,-153.34703,448.8935,170.115,-250.4897,433.8034,169.43521,-248.86461,494.96597,218.64787,-67.89431,399.9335,214.99547,-113.0536,509.73746,300.3001,-20.79388,387.9619,294.37903,-97.265686,519.3489,372.30887,-162.82695,402.43082,369.72702,-203.78363,526.76013,396.90805,-197.4009,400.65497,395.37128,-241.63947,518.011,397.2691,-231.02158,415.729,395.54123,-274.15527,512.23,388.31354,-178.86139,421.0654,386.0058,-219.21112,487.443,374.37103,13.946311,425.08154,374.53308,-13.137436,492.70837,493.65796,-15.808463,421.92438,493.51245,-60.38995,491.8243,606.9921,140.83774,426.29044,605.3378,96.351135,489.8778,622.30316,148.5638,426.52188,620.9294,102.89412,494.84628,645.0054,24.14742,431.03802,642.6344,-37.37835
147cc.png,438.7268,155.82396,-269.20065,447.0252,148.2663,-251.97426,451.3812,148.75029,-251.88573,455.79306,149.1737,-251.90039,435.88416,147.3801,-248.40811,432.18677,147.07489,-248.32458,428.45038,146.87251,-248.31155,465.09506,156.03021,-146.72066,427.68848,152.69708,-129.99597,448.13092,167.79935,-229.27815,433.09085,166.42282,-224.99814,494.99133,216.01501,-72.96704,401.76175,212.79164,-95.964226,508.17886,296.82925,-38.359207,389.92242,290.64963,-87.434784,519.20105,372.1422,-153.96431,403.67786,367.40103,-178.62732,528.06903,397.04877,-180.75122,401.37524,392.70364,-208.369,518.9496,399.7432,-211.8772,416.2839,393.81067,-238.23137,512.39044,390.9397,-167.807,422.23282,384.52045,-192.42265,487.82645,366.79364,5.855398,427.85468,367.86078,-4.981283,486.4315,478.21796,-16.985872,424.319,477.42328,-41.098698,482.6954,585.70746,126.174324,427.22,581.957,97.2949,481.03687,600.9188,133.26688,427.0247,596.9032,102.46354,482.4728,620.6478,23.119196,432.6151,616.1322,-20.958082
148cc.png,444.51807,157.02087,-311.2283,451.19418,149.21136,-291.85538,455.41507,149.58965,-291.73627,459.684,149.90968,-291.72043,439.85873,148.50781,-293.0652,435.82895,148.24783,-292.9546,431.7675,148.09126,-292.89548,466.50906,155.99376,-173.06029,428.01343,153.67917,-178.29149,452.70438,168.07964,-266.13254,437.19662,167.01645,-268.13998,495.38953,214.96336,-92.02121,400.42615,211.15282,-142.415,509.31058,293.86234,-57.331406,388.65588,288.3792,-138.97916,519.63885,367.8772,-184.36877,404.7094,367.3981,-231.6818,528.356,392.57306,-214.81824,402.39203,393.84332,-265.89755,518.282,394.79184,-245.78056,419.09787,395.01816,-296.46204,512.0675,386.05698,-198.44724,424.6588,385.45804,-245.73679,488.62347,364.10498,14.5044155,428.758,365.59323,-13.634901,486.72137,473.0577,-44.309086,425.61725,471.88312,-67.05941,484.02234,575.15247,117.57003,426.3009,570.41614,90.89741,482.696,590.07983,127.180145,425.07455,585.82385,97.40556,483.6519,611.6897,14.6193695,433.0205,604.5385,-30.644787
149cc.png,441.9247,157.79646,-330.29233,448.8691,149.05652,-312.27228,453.25403,149.22531,-312.1564,457.6863,149.34508,-312.08734,437.21545,148.91602,-309.22986,433.09894,148.83952,-309.11725,428.94528,148.85764,-309.0753,465.60898,155.42133,-204.68988,425.86273,154.83925,-188.79642,451.02988,168.44661,-289.9059,434.78372,168.06517,-285.71927,497.64508,211.54317,-152.55101,400.2528,212.20644,-142.22055,515.3555,289.09857,-137.88837,391.73434,290.52792,-144.49112,527.3127,367.02246,-242.37445,407.03824,369.17807,-223.04463,538.31854,391.10202,-271.37866,405.13943,394.80136,-249.87215,525.8444,396.02667,-298.62695,420.4082,396.6626,-280.26416,518.80286,387.62234,-254.29233,426.23038,387.26947,-236.71474,488.90414,360.89905,-13.247987,428.035,363.82404,14.140942,487.61996,461.5434,-95.91942,425.80252,462.59586,-26.039522,485.19128,559.0128,70.12154,428.88022,553.87177,142.70555,487.35944,572.3419,80.48422,429.16302,568.032,150.0487,475.2732,595.9033,-25.664663,433.93796,586.7995,37.93125
150cc.png,443.22385,156.46112,-307.27036,450.1927,148.9435,-287.52673,454.3844,149.36752,-287.4135,458.6226,149.73764,-287.38947,439.04898,148.17413,-286.86536,435.13556,147.90706,-286.74692,431.18802,147.74231,-286.69864,465.98248,156.16591,-173.96104,428.2221,153.6016,-170.34038,451.719,167.46928,-264.91803,436.17294,166.28093,-264.37125,496.15472,214.59903,-107.23605,401.40665,211.9014,-135.78758,509.49628,294.85672,-80.04526,389.45972,291.06796,-137.5181,520.9469,369.53894,-196.17175,405.01862,368.069,-220.75705,530.8992,393.53403,-225.35257,402.9073,393.55154,-250.39883,520.4583,397.2439,-254.66101,419.27853,394.3154,-279.1692,513.9919,388.61334,-209.45691,424.51083,384.92105,-233.75792,488.93866,363.34973,3.0723064,429.8424,365.44904,-2.1487825,484.8577,469.71402,-41.77528,427.2526,467.28268,-40.37939,481.4928,567.1042,126.4231,430.1556,562.2787,115.3846,481.75555,581.06525,136.89146,429.59976,577.2078,121.8716,476.6916,602.59705,33.266098,435.8495,595.1082,5.7610993
150newa2 - Copy.png,452.05603,139.74022,-249.16449,455.92917,133.01154,-237.79118,458.89713,132.72885,-237.77893,461.92538,132.39818,-237.72945,447.70993,133.76048,-236.00531,444.73193,133.94284,-235.9065,441.72675,134.18604,-235.84175,466.94193,136.02995,-160.85474,439.2195,138.07912,-148.25072,458.687,146.48657,-219.76376,447.7773,147.25432,-216.2568,489.0627,178.40157,-104.70818,421.10828,176.41777,-98.144356,497.7178,233.53326,-85.593445,408.92856,226.88725,-87.00915,504.24713,286.7465,-154.61636,394.39725,271.155,-155.41849,509.13983,302.52945,-171.58226,388.13016,284.54617,-171.88507,503.83908,303.32703,-196.36389,390.82324,285.11523,-199.53137,499.4115,297.56555,-165.77974,397.37424,281.37857,-168.27931,469.84732,279.61646,-4.2696123,428.6013,279.17395,4.733678,468.00668,354.56808,-54.102036,427.4858,355.19128,-55.05667,460.8761,424.422,71.423164,422.36353,423.27078,75.92643,459.51968,433.89304,79.15752,423.4691,433.5039,83.19771,457.6695,451.81726,-1.757267,418.40643,448.4789,-5.3830166
150newa2.png,452.05603,139.74022,-249.16449,455.92917,133.01154,-237.79118,458.89713,132.72885,-237.77893,461.92538,132.39818,-237.72945,447.70993,133.76048,-236.00531,444.73193,133.94284,-235.9065,441.72675,134.18604,-235.84175,466.94193,136.02995,-160.85474,439.2195,138.07912,-148.25072,458.687,146.48657,-219.76376,447.7773,147.25432,-216.2568,489.0627,178.40157,-104.70818,421.10828,176.41777,-98.144356,497.7178,233.53326,-85.593445,408.92856,226.88725,-87.00915,504.24713,286.7465,-154.61636,394.39725,271.155,-155.41849,509.13983,302.52945,-171.58226,388.13016,284.54617,-171.88507,503.83908,303.32703,-196.36389,390.82324,285.11523,-199.53137,499.4115,297.56555,-165.77974,397.37424,281.37857,-168.27931,469.84732,279.61646,-4.2696123,428.6013,279.17395,4.733678,468.00668,354.56808,-54.102036,427.4858,355.19128,-55.05667,460.8761,424.422,71.423164,422.36353,423.27078,75.92643,459.51968,433.89304,79.15752,423.4691,433.5039,83.19771,457.6695,451.81726,-1.757267,418.40643,448.4789,-5.3830166
151cc.png,442.27078,156.88542,-322.26743,449.13602,147.53835,-304.8937,453.63016,147.61871,-304.78864,458.17288,147.65552,-304.70877,437.1434,147.63663,-301.857,432.86148,147.66771,-301.74213,428.54044,147.78381,-301.68536,466.16983,153.47281,-203.58754,425.36478,153.60904,-187.29565,451.6445,168.0588,-284.36127,435.22516,167.97646,-279.86502,498.83463,212.91801,-153.83928,399.73965,212.43999,-145.9492,513.3323,292.432,-136.67715,393.72787,290.94995,-147.2885,525.8349,370.0723,-230.3426,406.0932,368.85812,-223.03444,536.34814,394.2232,-254.52997,402.98007,394.30914,-247.15038,525.07806,399.4564,-281.8813,418.2317,397.72055,-279.26892,517.62164,390.05002,-241.51874,425.22693,388.0377,-236.85542,487.82184,363.23285,-12.854432,426.12894,364.17178,13.715412,486.91708,462.45648,-87.40737,421.42664,461.57928,-21.662943,483.86493,552.98236,89.785,422.02573,548.77704,164.06042,485.5392,566.49695,101.6368,422.28836,563.15607,173.2071,475.43927,588.1422,-2.9531026,427.41644,581.9123,62.88937
152cc.png,440.55756,156.19759,-321.98215,448.5954,148.72658,-303.48203,452.92776,149.17674,-303.3848,457.31277,149.56879,-303.37582,437.35583,147.92557,-301.32037,433.62186,147.66454,-301.21817,429.8467,147.50987,-301.16934,466.30225,156.3535,-186.47775,428.675,153.3859,-176.02417,449.79126,168.04698,-277.53033,434.75153,166.80637,-275.0777,494.75037,218.3599,-94.74561,402.2856,212.958,-136.50252,506.48907,299.15912,-54.971626,390.36462,290.50723,-128.30574,519.786,374.41638,-177.81825,403.29315,371.16843,-222.89497,529.0554,398.4596,-205.55986,400.45825,396.76395,-256.61917,520.71515,401.0619,-239.98305,415.2286,398.90305,-288.41858,514.11084,392.39117,-193.45117,421.28906,389.52774,-237.99252,485.27924,368.236,14.570526,425.36197,368.2269,-13.737051,484.76956,480.75964,-20.87287,421.08426,478.72012,-60.72574,481.3347,586.3996,144.79897,421.6144,581.32263,101.12475,479.58575,601.60144,153.68446,420.86047,596.79846,107.82931,482.35263,622.2214,33.236084,426.37143,615.6604,-26.87956
153cc.png,442.25006,156.21939,-317.9958,449.64746,148.55402,-298.90674,453.9858,148.81705,-298.81152,458.36807,149.02788,-298.79785,438.27222,148.24463,-297.45337,434.39273,148.15297,-297.34113,430.47104,148.15913,-297.2751,467.0039,155.6197,-183.80699,428.52255,154.39844,-176.53816,451.63263,167.23079,-274.94455,436.02582,166.63928,-273.34937,497.97504,215.05263,-106.803955,403.75137,212.42995,-136.04366,509.71924,295.78595,-79.552956,391.1208,290.00476,-132.52165,518.50574,371.19067,-196.13483,403.5712,368.61115,-221.38533,526.9075,394.92215,-223.49582,400.68036,393.62888,-252.13751,517.3578,397.94083,-253.03526,415.6431,395.65945,-281.6068,511.15295,389.42056,-209.3941,421.57343,386.30453,-234.9549,489.5061,360.27432,6.6060047,429.72382,361.73758,-5.7918215,485.54156,470.01093,-38.764076,425.67175,468.72787,-58.69426,481.5133,573.0152,111.344826,428.105,568.538,90.065674,481.01306,587.6066,119.44915,428.68866,583.519,95.411545,478.04733,610.09955,7.1091404,430.38596,603.911,-30.223957
154cc.png,441.90427,156.09755,-319.8894,449.52637,147.99896,-301.52206,453.91293,148.27469,-301.41962,458.345,148.49208,-301.40405,438.25238,147.5969,-299.8405,434.43933,147.45763,-299.7327,430.58987,147.42474,-299.66745,467.44772,155.12311,-186.78802,429.39948,153.49863,-177.95427,451.60104,167.48917,-276.42844,436.1833,166.81288,-274.38297,496.4301,215.90424,-98.65277,403.98547,212.36192,-144.67578,506.3998,297.06003,-65.96178,390.45273,291.79242,-139.9408,518.96625,371.33554,-184.291,402.9307,372.13812,-229.95055,528.2269,395.1143,-210.87381,399.28885,397.65424,-260.68842,519.48584,397.6224,-243.43567,414.75833,400.20975,-291.07224,512.9763,389.0724,-198.88933,421.327,390.9416,-243.71991,486.40158,364.92075,16.245804,428.16995,365.25635,-15.407025,484.13495,476.21448,-10.715657,422.2069,475.16748,-64.194084,478.39322,578.14465,152.2032,422.5889,575.83026,92.66393,475.76505,592.47504,161.36737,421.87262,590.59674,99.124214,481.37555,614.3898,51.99153,426.46173,611.7022,-27.55858
154newa2 - Copy.png,448.02444,137.22604,-245.55383,452.1899,130.79185,-234.95331,455.256,130.53978,-234.90965,458.38138,130.23529,-234.8422,444.0443,131.61687,-232.90776,441.14697,131.85815,-232.8384,438.21103,132.1662,-232.82611,464.44473,134.45146,-162.04718,436.59857,136.70462,-149.42126,455.28186,144.36998,-217.99669,444.24042,145.25238,-214.29907,487.5898,179.9146,-101.47166,418.82568,177.38014,-116.04106,497.4922,236.81197,-82.98189,406.23355,231.5338,-116.750786,507.0137,289.99738,-145.0998,392.52875,277.87958,-181.46352,512.0829,305.2686,-157.99727,386.06998,290.56372,-198.41422,508.34378,306.42505,-183.52861,388.7462,292.43832,-223.83812,503.42834,300.88257,-155.91872,396.02344,288.50974,-193.88567,469.6106,289.3681,11.707875,427.9185,289.17456,-11.249335,468.2426,364.96133,-12.377363,429.96997,368.2149,-59.74299,458.45404,429.38223,127.619774,423.0511,434.45502,93.91785,453.83023,438.6732,137.09097,422.6424,443.39838,104.189064,464.87137,455.52527,68.144295,422.1725,460.94672,26.811436
154newa2.png,448.02444,137.22604,-245.55383,452.1899,130.79185,-234.95331,455.256,130.53978,-234.90965,458.38138,130.23529,-234.8422,444.0443,131.61687,-232.90776,441.14697,131.85815,-232.8384,438.21103,132.1662,-232.82611,464.44473,134.45146,-162.04718,436.59857,136.70462,-149.42126,455.28186,144.36998,-217.99669,444.24042,145.25238,-214.29907,487.5898,179.9146,-101.47166,418.82568,177.38014,-116.04106,497.4922,236.81197,-82.98189,406.23355,231.5338,-116.750786,507.0137,289.99738,-145.0998,392.52875,277.87958,-181.46352,512.0829,305.2686,-157.99727,386.06998,290.56372,-198.41422,508.34378,306.42505,-183.52861,388.7462,292.43832,-223.83812,503.42834,300.88257,-155.91872,396.02344,288.50974,-193.88567,469.6106,289.3681,11.707875,427.9185,289.17456,-11.249335,468.2426,364.96133,-12.377363,429.96997,368.2149,-59.74299,458.45404,429.38223,127.619774,423.0511,434.45502,93.91785,453.83023,438.6732,137.09097,422.6424,443.39838,104.189064,464.87137,455.52527,68.144295,422.1725,460.94672,26.811436
155newa2 - Copy.png,445.66107,137.35233,-270.73572,449.6093,130.97531,-260.43106,452.66293,130.67227,-260.39435,455.77576,130.31772,-260.32373,441.4039,131.94716,-257.2952,438.51746,132.25758,-257.22787,435.59073,132.63954,-257.1852,461.8292,134.69939,-186.47173,434.10513,137.47295,-168.283,453.06894,144.59598,-242.64288,442.05887,145.65166,-237.3171,486.47293,180.82222,-122.97943,417.5476,178.25995,-124.48951,496.5117,238.5975,-106.13993,405.701,232.09929,-121.49004,506.96863,292.82153,-158.43866,391.71216,278.41675,-189.63826,512.6915,307.481,-168.7407,385.24017,291.409,-205.8388,509.7423,309.3523,-195.62263,387.23953,293.22763,-231.47963,504.74426,304.17926,-169.93752,394.44064,289.31943,-202.21889,468.80447,287.99313,6.064925,426.90045,287.4718,-5.6717815,466.57468,364.95447,-35.252277,427.95947,366.1941,-65.354324,457.2063,431.88498,113.12134,422.27664,432.52463,100.48361,453.56528,441.31897,123.17549,423.3217,441.7916,111.83062,461.0788,458.5889,46.178223,416.64188,458.45776,28.752846
155newa2.png,445.66107,137.35233,-270.73572,449.6093,130.97531,-260.43106,452.66293,130.67227,-260.39435,455.77576,130.31772,-260.32373,441.4039,131.94716,-257.2952,438.51746,132.25758,-257.22787,435.59073,132.63954,-257.1852,461.8292,134.69939,-186.47173,434.10513,137.47295,-168.283,453.06894,144.59598,-242.64288,442.05887,145.65166,-237.3171,486.47293,180.82222,-122.97943,417.5476,178.25995,-124.48951,496.5117,238.5975,-106.13993,405.701,232.09929,-121.49004,506.96863,292.82153,-158.43866,391.71216,278.41675,-189.63826,512.6915,307.481,-168.7407,385.24017,291.409,-205.8388,509.7423,309.3523,-195.62263,387.23953,293.22763,-231.47963,504.74426,304.17926,-169.93752,394.44064,289.31943,-202.21889,468.80447,287.99313,6.064925,426.90045,287.4718,-5.6717815,466.57468,364.95447,-35.252277,427.95947,366.1941,-65.354324,457.2063,431.88498,113.12134,422.27664,432.52463,100.48361,453.56528,441.31897,123.17549,423.3217,441.7916,111.83062,461.0788,458.5889,46.178223,416.64188,458.45776,28.752846
158cc.png,443.22595,155.21777,-295.42596,450.67838,146.5824,-278.885,455.1813,146.75705,-278.80444,459.74066,146.88065,-278.79468,438.89572,146.496,-274.509,434.8067,146.48001,-274.3734,430.6751,146.56389,-274.3114,468.71088,153.59363,-177.68335,428.5937,153.05406,-154.86595,453.0552,166.56279,-257.12396,436.73605,166.20451,-250.97513,502.0324,213.96193,-126.65056,403.309,211.84976,-104.940674,518.1657,293.80875,-108.896614,392.53964,289.2667,-96.432724,528.9892,369.48904,-219.23071,404.4041,368.00357,-181.87749,538.5127,393.049,-248.3849,401.65604,393.48175,-206.23268,527.61346,396.85147,-275.28522,415.8968,396.13895,-239.02707,520.3406,388.23413,-230.98943,422.73212,386.86755,-196.38011,489.46796,365.4141,-15.614915,427.38126,366.35538,16.440668,487.41278,466.33154,-66.59557,422.21866,466.72327,-13.684167,481.68457,563.979,104.82688,423.41586,559.91235,159.8794,482.48282,577.8156,115.68455,424.48557,574.0495,167.89774,473.5803,600.1979,14.425692,425.31302,594.12366,58.433258
159cc.png,445.29922,153.17595,-370.97968,452.23755,145.72797,-350.43323,456.39383,146.12172,-350.33826,460.58844,146.46114,-350.2275,440.88712,145.23466,-347.8891,436.99362,145.11713,-347.78604,433.05096,145.08324,-347.76926,468.22656,153.32014,-241.5151,430.03177,151.6735,-228.78732,453.74878,164.63396,-331.50815,438.1596,163.83412,-328.22852,499.87332,211.89868,-181.25526,403.01193,211.23566,-194.10486,517.8151,289.82324,-165.74837,391.61868,290.1262,-212.79855,529.06213,367.75577,-253.56015,400.26794,368.92075,-280.96457,538.49634,389.83557,-277.616,396.6249,391.84933,-307.27295,529.1412,395.27997,-305.6639,410.62537,395.1062,-335.90656,521.9951,387.27982,-266.12396,416.96655,386.8071,-294.61362,491.48734,353.81903,-5.4212213,429.99994,356.93872,6.265813,491.90744,454.04916,-88.39587,430.99164,454.68274,-26.583103,492.54135,544.99243,108.15799,433.88187,541.60675,180.71677,494.84338,558.0921,120.973335,433.19232,555.7019,191.58347,485.26144,578.8547,13.5436945,442.42578,572.13165,76.79046
160cc.png,446.11856,154.09666,-357.95245,453.17682,145.75925,-338.86603,457.56207,146.03435,-338.77954,461.9825,146.25142,-338.71423,441.3578,145.41797,-335.5239,437.21823,145.2811,-335.39862,433.04797,145.23506,-335.3505,469.63837,152.13394,-229.35161,429.79504,150.86003,-211.97055,455.01694,165.18224,-317.20782,438.87067,164.48967,-312.50897,503.61057,210.39745,-181.34137,401.7103,209.60875,-164.35449,520.4557,289.96548,-169.20728,390.36365,287.99924,-164.8438,532.0094,367.0973,-269.4206,399.91266,367.6516,-244.65135,542.3921,390.88354,-299.39813,396.6789,393.37308,-271.65488,530.5134,395.74307,-325.95926,411.24734,395.9652,-304.2339,523.88074,387.0573,-280.91757,417.36768,386.38327,-259.15308,493.2035,359.2025,-16.143826,430.1402,361.67133,17.041374,496.5298,457.94162,-109.90321,426.84875,458.81433,-13.233341,495.36377,553.0351,77.57763,430.2455,548.0203,186.68628,497.78244,567.3108,90.123505,431.1203,563.02185,197.2372,484.6471,589.1652,-18.376654,434.81738,580.4285,85.46023
161cc.png,445.17426,153.6967,-350.66263,452.25244,144.99962,-332.43826,456.77142,145.19836,-332.3349,461.32892,145.33916,-332.27686,440.16492,144.90079,-329.10028,435.927,144.86534,-328.9812,431.65274,144.91963,-328.92197,469.51517,151.56035,-224.62683,428.37643,151.06842,-206.28479,454.5241,164.89691,-310.2973,437.9263,164.5569,-305.4062,504.0444,211.11671,-169.05347,401.699,211.01222,-162.23076,523.1181,288.9027,-152.32362,391.93207,290.18286,-164.37653,531.6728,364.13513,-259.96857,402.51013,371.70865,-241.04309,540.3225,388.1446,-289.73163,399.2191,397.44077,-266.264,528.6438,391.8016,-316.34097,413.8865,401.4783,-299.55402,522.01117,383.01846,-271.6245,420.84152,391.76602,-255.87175,494.88638,361.85095,-11.848579,431.40726,364.21286,12.69925,497.75705,463.1906,-89.074615,430.90106,463.96786,-17.19978,497.68536,556.5879,96.134186,434.16013,553.2869,185.12022,499.37906,570.3606,108.50204,434.5618,567.5082,196.12796,490.30676,592.43176,0.49656516,439.6759,586.9328,82.30584
162cc.png,443.60324,153.30609,-325.7128,450.7856,146.2742,-307.0721,454.9108,146.59038,-306.9634,459.08487,146.85033,-306.92117,439.73553,146.04457,-304.61856,436.10107,146.01723,-304.49954,432.42114,146.08873,-304.42725,467.61337,153.73642,-196.20432,430.7514,152.69844,-183.09882,452.57178,164.68427,-284.03006,437.92236,164.1269,-280.80316,500.35458,211.73082,-120.538574,405.478,211.68263,-138.23524,517.61194,287.0153,-95.67667,390.28918,286.84842,-134.50142,533.02795,358.42258,-214.63385,399.10126,365.88773,-225.58398,543.3869,379.61005,-242.423,395.20428,390.19363,-256.23294,535.16504,383.41983,-275.21237,409.54324,393.1456,-288.5231,528.00476,375.98514,-229.89285,416.1115,383.98288,-240.86197,495.65573,355.94003,-0.8069569,433.9667,359.09836,1.5499922,494.97693,461.04355,-69.991196,433.0857,464.10858,-45.510296,493.30383,566.47314,91.438286,435.8475,563.138,123.82577,494.0847,581.47406,100.34306,436.4769,578.1211,130.98274,486.58237,600.8025,-16.055618,439.31616,595.4117,7.1716166
163cc.png,443.4867,155.77171,-308.18646,450.52768,148.12013,-291.45206,454.60117,148.36241,-291.36044,458.7265,148.53824,-291.3673,439.8816,147.92604,-289.144,436.3263,147.87572,-289.05948,432.73364,147.91327,-288.9889,467.459,155.09123,-182.87508,431.66138,154.06233,-171.7807,452.7924,167.04152,-266.84213,438.53656,166.58202,-264.1732,498.29767,213.47511,-97.22798,408.80322,211.8972,-127.05591,515.12744,291.06165,-60.11301,395.10464,288.94342,-113.711624,526.70526,365.47977,-177.63704,400.69913,367.52744,-214.10738,534.9451,388.88718,-205.1537,396.40253,391.74448,-243.43782,525.84204,391.32407,-234.44608,408.53256,395.27374,-276.82846,519.50903,383.0467,-190.68639,415.55917,386.17264,-229.40523,491.99576,359.15747,14.546187,434.10345,359.84515,-13.785983,490.5478,475.39178,-10.350638,429.43994,476.20016,-61.07635,487.82788,587.28906,110.9876,431.0628,587.24,67.710175,485.50302,603.15533,115.69515,430.60623,603.0282,71.253746,492.79227,623.62787,-0.7991852,435.2476,623.85846,-61.25566
164cc.png,444.87866,153.8043,-349.92578,452.347,146.26111,-330.48407,456.69553,146.67401,-330.36444,461.07993,147.02757,-330.34872,440.81256,145.56747,-327.69943,436.7844,145.32457,-327.57614,432.7099,145.18503,-327.53018,468.8398,153.40356,-214.15845,429.64072,151.06416,-201.2519,453.52646,164.86197,-306.64975,437.5254,163.778,-303.36652,501.8381,210.26166,-150.41112,403.66388,210.5875,-149.41893,522.258,288.03458,-127.57123,391.3126,288.93204,-152.48781,530.94354,364.68924,-237.17833,400.9566,368.16516,-239.37424,539.7429,388.5981,-267.8178,398.1054,392.83224,-268.1241,527.66943,392.96222,-294.5487,412.10034,395.33896,-301.31406,521.4475,384.51666,-248.9792,418.4793,386.31488,-254.88463,498.41037,357.78873,-5.5026755,437.2366,361.81863,6.372446,497.32263,464.4049,-66.3777,436.48495,464.09604,-47.70691,496.50607,563.83545,114.91946,440.18533,559.3062,123.35055,497.91064,578.04395,126.70952,440.8963,574.3671,131.0835,488.46027,602.0091,15.567294,444.82913,593.0,9.97483
165cc.png,443.80164,153.31216,-314.19363,451.09702,145.10281,-296.51025,455.49985,145.30638,-296.4019,459.95663,145.45352,-296.34976,439.47394,144.95624,-292.8689,435.4492,144.9137,-292.76373,431.37872,144.968,-292.75513,468.7213,151.75012,-192.1321,429.09482,151.1236,-173.98091,453.33276,164.33809,-275.20035,437.3319,163.94885,-270.38538,502.4515,208.99225,-134.58447,404.4256,210.48206,-130.71849,519.977,285.2825,-113.16785,392.75565,287.89178,-132.11507,534.0168,358.96506,-219.38959,401.68362,367.8773,-207.4336,544.3308,381.4252,-246.29073,398.50677,392.62646,-231.07358,534.86896,385.8319,-274.9113,412.3242,395.57056,-264.33838,527.47675,377.92517,-232.1107,419.39658,386.45898,-222.39102,496.62347,358.5681,-9.785943,434.68958,361.6878,10.660375,497.47635,461.54324,-66.34804,435.01703,460.9377,-31.075111,495.08038,555.84155,124.33593,438.3012,552.174,158.14343,496.58633,568.8071,136.86633,438.6564,566.3816,167.67195,486.0564,592.8247,33.222008,443.90805,584.8705,54.595585
166cc.png,447.31577,151.25719,-340.69705,453.86084,143.8002,-320.66815,458.04205,144.18552,-320.55212,462.26447,144.51506,-320.47757,442.37866,143.2638,-318.386,438.2657,143.12195,-318.2762,434.11145,143.06892,-318.2576,468.71906,150.82611,-215.78526,430.05322,149.17401,-204.06435,455.5689,162.7125,-302.61798,439.6851,161.8298,-299.49493,502.91077,208.13263,-177.36952,403.0518,210.80319,-162.07681,522.08185,284.53714,-163.43188,393.7799,290.633,-171.86794,535.7524,360.15878,-255.81366,399.77606,367.9106,-232.59476,546.56647,383.1744,-283.5279,395.6994,391.05374,-249.52779,534.28705,389.34302,-307.89355,408.17352,395.3106,-283.47552,527.1371,380.69125,-266.22314,415.66788,386.5428,-247.02367,497.21375,350.87335,-15.889778,435.1973,354.19223,16.777485,499.29553,452.99976,-101.103264,435.12778,451.24814,-28.907623,499.61636,542.2481,97.24455,439.92178,537.1524,168.91171,502.6828,555.2417,111.23701,440.73398,551.6445,179.62465,487.94156,580.1567,11.139167,446.27655,569.718,74.40606
167cc.png,443.7279,153.60828,-354.27,451.24963,145.71039,-338.0523,455.56183,145.85579,-337.94458,459.9195,145.94891,-337.88602,440.1102,145.87115,-333.27203,436.46707,145.97322,-333.15213,432.77313,146.16685,-333.06763,469.7503,152.44623,-232.45734,432.08478,152.49078,-208.95789,453.58377,164.62553,-314.3231,438.72263,164.58911,-308.03735,503.88287,208.47803,-155.49487,406.99075,211.36192,-157.66064,519.55347,285.0244,-130.82458,393.36517,289.6085,-155.19347,534.56085,357.2108,-238.80919,400.14938,367.5335,-241.21342,545.373,379.358,-265.95212,396.0186,390.92032,-269.05612,535.5699,383.15833,-298.98166,409.1388,394.34433,-303.31976,527.8071,375.96756,-252.44736,416.66357,385.4126,-256.9913,498.0674,353.7945,-0.42019978,435.1195,356.6372,1.157728,499.5305,462.47195,-60.135853,431.27484,463.9637,-47.211372,497.99796,565.36847,101.12893,433.40912,563.0546,125.52589,497.81354,579.42456,109.96603,434.57043,577.226,132.79016,494.10977,600.89844,-6.972179,436.69226,597.8631,8.824054
169cc.png,446.37625,150.17494,-357.08646,451.91873,141.65594,-337.38794,456.03757,141.61172,-337.3069,460.19336,141.5191,-337.2367,440.65604,142.25862,-334.89392,436.57193,142.54611,-334.77975,432.449,142.90796,-334.77756,467.27484,147.8753,-236.15836,429.05164,149.81682,-222.59836,455.37616,160.69939,-320.7066,439.5828,161.38535,-317.08545,501.42462,205.7957,-187.0277,404.64285,210.20761,-192.0396,519.2616,283.72424,-182.57515,395.94943,290.79468,-215.67082,534.28455,359.1296,-270.96793,404.23032,366.32156,-280.78714,543.70154,380.05746,-295.98178,401.69046,387.90985,-305.86707,535.9446,384.5033,-320.6753,413.62427,390.7391,-332.5671,528.728,376.9985,-282.1057,420.07098,382.4415,-293.57788,496.1251,346.4728,-8.752369,435.57916,351.4658,9.650537,501.54834,443.79642,-76.75094,441.60672,447.52933,-24.322811,503.63446,527.1221,123.453285,446.12146,527.3795,185.2788,506.63086,538.7504,137.41672,445.09943,540.08453,196.89742,495.60663,561.18536,38.092052,458.28116,557.61316,89.83464
170cc.png,442.80118,152.73587,-290.60287,449.78842,144.85234,-273.5708,454.08676,144.96373,-273.44336,458.4502,145.03075,-273.365,438.37836,145.15208,-270.42148,434.59808,145.35628,-270.3146,430.7657,145.6493,-270.2638,467.84344,151.79475,-175.3618,429.34625,152.62971,-157.5212,452.6769,164.01157,-253.47363,437.32047,164.22318,-248.82477,501.90698,210.1886,-112.28955,404.4906,211.33679,-123.73572,518.455,285.8213,-100.68708,391.27936,289.04294,-123.40195,532.4225,357.0534,-232.18182,401.84787,370.08627,-201.3149,542.8873,379.87375,-262.61667,398.03473,395.43878,-224.66943,533.6233,382.99045,-292.42856,414.0842,398.55133,-258.49704,525.9234,374.93774,-246.08127,421.50595,389.03915,-216.11118,495.2187,359.6035,-4.9316554,431.2945,362.6524,5.7693114,498.95242,464.31906,-93.5605,432.2607,466.74368,-47.522533,498.84,564.31104,68.06196,437.50873,562.6573,116.96563,499.80124,578.7653,77.40975,437.84186,577.62585,123.86782,494.77576,599.2572,-27.361887,445.00656,595.0708,9.63266
171cc.png,440.55212,152.46523,-301.0712,447.8681,144.67789,-285.15137,452.12808,144.75284,-285.0607,456.44803,144.77972,-285.02408,436.89154,144.93802,-280.0099,433.30746,145.07077,-279.8895,429.67606,145.30736,-279.86096,466.60666,150.85966,-187.44348,429.5921,151.41232,-161.40604,450.7891,163.28853,-264.1002,436.03198,163.41068,-257.0129,501.8193,209.30333,-124.59716,404.94647,209.85074,-119.61574,517.7461,286.604,-112.514336,390.56598,286.43094,-112.19601,534.63635,355.56458,-235.64641,401.9648,363.18997,-197.50716,545.7736,376.91974,-265.11862,399.22986,388.10434,-224.88971,537.36017,380.25958,-295.841,414.528,389.42197,-258.26056,529.8338,373.04858,-249.34201,421.08133,380.39896,-212.50304,492.96002,361.1206,-8.5780115,429.81763,363.35538,9.397894,498.0197,463.8968,-67.0249,427.02417,465.43927,-27.006514,494.8934,561.35425,111.79028,430.80392,559.07904,148.66014,495.17502,574.89624,122.64254,432.1871,573.4157,156.53294,489.2347,597.29645,18.182064,434.34433,592.26373,41.934708
172cc.png,441.3349,151.2329,-329.12473,448.90533,143.51094,-311.0182,453.2666,143.84671,-310.88693,457.67624,144.12788,-310.77335,437.46906,143.0801,-306.3981,433.55804,142.97015,-306.28903,429.59906,142.95596,-306.30743,466.4648,150.63602,-209.53912,427.638,149.21892,-187.04706,450.63596,162.52856,-291.7641,434.84766,161.81587,-285.6898,499.81076,207.85504,-157.5742,401.20874,209.02077,-146.73041,517.57056,284.5225,-138.21333,392.76285,287.57898,-155.47725,532.68616,357.2795,-235.92427,404.43896,364.58936,-231.16554,543.46643,379.2099,-262.1166,402.07166,388.106,-253.72716,533.22815,384.1153,-289.8226,415.79166,390.7714,-286.96436,525.2559,376.277,-247.4476,423.03873,381.85654,-245.86827,494.609,355.29364,-11.928795,431.8106,359.4968,12.851048,498.89758,455.86765,-92.86245,432.87048,457.49985,-30.756351,503.45068,546.25385,97.36291,436.8209,543.6781,164.84462,506.141,559.4697,110.13329,437.35455,557.6365,174.53938,496.91302,581.3926,6.4569025,444.57513,575.24927,64.02123
173cc.png,442.2742,151.9838,-298.6744,448.60114,144.39502,-280.39633,452.6251,144.71455,-280.31415,456.7027,144.9782,-280.2546,437.7472,143.88295,-279.72195,433.8678,143.72458,-279.65744,429.94144,143.6571,-279.68985,463.38293,151.11693,-181.28035,426.41687,149.58124,-176.77971,450.4224,162.98216,-262.12552,435.2473,162.25374,-261.1623,496.72137,205.93135,-135.84215,400.97556,211.71288,-149.20418,515.0349,282.26608,-124.338486,394.1548,291.7338,-162.77768,532.3823,357.6856,-219.93735,405.83487,365.49713,-217.44415,543.80774,380.29468,-247.14874,402.98834,388.10406,-237.46078,533.5313,386.1771,-272.73413,416.95145,389.5589,-266.76498,525.43445,378.6906,-231.50963,423.8908,381.20352,-230.26042,496.2324,353.29352,-6.340493,436.93622,358.0857,7.2594714,497.45395,452.441,-65.34651,434.88202,453.22665,-26.311954,498.59198,542.3183,121.226326,439.94278,539.8566,166.75296,500.39886,554.3642,134.24742,440.9413,553.29065,177.83397,491.162,578.2704,45.87054,443.6814,571.53265,80.158905
174cc.png,439.85767,151.76695,-257.29782,446.63834,145.07234,-239.31224,450.5649,145.42865,-239.2037,454.54843,145.72113,-239.18224,436.30908,144.73842,-238.3867,432.89236,144.69656,-238.31145,429.43213,144.74179,-238.27515,462.95203,152.57497,-136.5336,428.28217,151.23586,-132.18788,448.9179,163.18018,-218.86487,434.99915,162.57729,-218.13643,495.4624,209.05331,-67.47836,404.08673,210.51102,-105.77399,512.44745,284.12436,-41.931675,392.48874,286.48996,-102.129616,528.7015,355.8637,-160.44984,403.88654,364.71423,-188.79305,539.1583,378.74564,-186.62473,400.64566,389.359,-216.01204,529.64764,382.1307,-215.1302,414.69135,391.5429,-244.44029,522.3124,374.23856,-172.82869,420.89728,382.22684,-201.41727,494.24356,352.8185,13.923115,434.4782,356.17007,-13.122822,498.12195,465.7902,-7.313485,432.8522,468.62503,-56.15552,496.23737,572.90454,107.6745,438.22644,575.0821,68.664185,494.12158,587.9124,112.23207,438.26697,590.015,71.75205,500.55893,609.022,10.315782,444.35864,611.1769,-49.953682
175cc.png,443.2134,154.01587,-314.41846,448.95148,147.10077,-294.38217,452.7846,147.35582,-294.27628,456.66635,147.54665,-294.2736,438.6134,146.8853,-295.72092,434.96918,146.87173,-295.59338,431.2857,146.95251,-295.51437,463.10245,153.83337,-176.98814,428.27808,153.12492,-181.87988,451.28137,164.64868,-270.28403,437.10443,164.25134,-272.23682,492.3863,210.8617,-91.857346,403.10965,210.67001,-143.9114,510.82214,285.30652,-57.524704,388.5308,286.18152,-139.79536,527.56396,354.85922,-184.72964,399.90683,363.7851,-231.59268,537.0113,376.68442,-213.98497,396.99945,387.7943,-261.60275,528.6062,379.58536,-245.3878,411.74557,390.0758,-292.58557,521.82477,371.85394,-198.90149,417.64758,380.83716,-245.58224,489.59702,352.5612,17.174076,433.68912,355.9881,-16.371168,489.61987,463.97244,-21.46402,433.1245,464.94626,-67.4438,489.4689,564.35486,127.14743,436.56787,562.8012,79.57231,488.23935,578.85925,135.17357,436.01642,577.492,85.24304,492.3767,600.57104,25.94586,442.48648,598.1294,-41.629795
176cc.png,436.759,154.36647,-278.87067,443.55878,147.0538,-261.73026,447.6314,147.11514,-261.61298,451.76422,147.1196,-261.61526,432.98303,147.50157,-258.33746,429.53583,147.7477,-258.21454,426.05087,148.0815,-258.13684,461.3797,153.74135,-157.61589,425.81543,154.92117,-141.18243,446.80573,165.41176,-239.74275,432.70013,165.83607,-235.60097,494.33826,211.234,-81.93088,405.07727,214.56978,-101.597275,509.06274,285.35834,-50.866817,391.81616,289.42297,-90.30089,524.7516,360.35254,-192.69685,403.5318,367.0245,-194.52971,535.64935,384.87625,-227.31474,400.71503,391.5619,-225.98485,525.31964,388.14014,-257.7146,414.9547,393.7602,-260.45364,517.7364,379.64612,-206.50105,421.38034,384.0101,-210.49121,493.72287,358.75067,9.205024,434.9457,362.2838,-8.434821,500.36047,470.86014,-24.265486,433.86285,476.04657,-58.51344,499.20572,582.26117,100.66134,438.05643,583.1218,72.42336,497.38867,597.9925,105.73927,438.27188,598.5214,75.95642,502.67432,619.2193,-8.402247,442.86636,618.91284,-53.1876
177cc.png,440.99927,153.75075,-303.8102,447.2183,147.06325,-284.09213,451.11942,147.42773,-283.9925,455.074,147.72588,-284.00354,436.60577,146.73898,-284.2059,432.98462,146.7087,-284.11395,429.31842,146.76688,-284.03653,462.08264,154.90654,-169.69308,426.61023,153.64455,-169.47035,449.42908,165.41086,-261.03937,435.1839,164.82864,-261.52652,492.4214,215.01941,-87.40439,401.45248,213.24365,-127.59355,512.55457,290.05682,-50.926,391.64474,288.392,-114.323105,524.00903,362.76056,-184.00581,403.7407,366.28403,-221.56926,532.33044,386.3163,-214.92038,401.20914,391.11102,-253.50952,521.54224,389.3212,-243.69116,414.49768,393.97272,-286.28073,515.3417,380.69473,-196.95844,420.2747,384.4974,-236.52998,487.36914,359.72256,16.97867,428.5959,361.42255,-16.276913,493.09805,475.57983,-10.428141,428.49707,477.49622,-69.222855,494.48203,586.87085,114.96364,433.59836,585.37067,68.232765,492.29315,601.7209,119.89377,433.4123,599.90466,72.265015,501.21075,625.59784,1.1587813,438.91196,623.94586,-64.02601
178cc.png,438.15,153.19867,-283.2303,444.8887,146.21773,-265.3807,448.88235,146.42078,-265.29852,452.93903,146.56248,-265.32483,434.43054,146.24088,-262.30557,430.92758,146.32472,-262.18698,427.3857,146.50641,-262.1434,461.61212,153.2471,-157.53412,426.51318,153.01764,-143.03827,447.49442,164.49895,-242.81659,433.49084,164.3705,-239.1223,494.3416,214.0519,-82.75,403.3273,213.5787,-101.09237,509.78973,289.55515,-49.631016,390.47968,286.90076,-89.65696,526.5967,361.52396,-185.02875,403.01944,364.13998,-196.90125,536.95465,384.78665,-217.70561,400.87158,389.14694,-231.88571,527.22064,387.36636,-250.27982,415.32626,390.51257,-263.23138,520.28687,378.9021,-199.35355,420.81284,380.83957,-211.81952,490.33353,361.6439,8.267115,432.57953,363.75873,-7.5071335,493.1615,471.6502,-10.788126,430.8728,472.81256,-50.104374,491.639,576.3939,127.65581,434.87128,573.8102,91.319145,489.76108,590.7656,134.03096,435.5719,588.00037,95.664505,494.22412,612.90924,16.801813,438.57565,609.53436,-35.807396
179cc.png,437.61987,156.49574,-264.88623,443.63724,149.11884,-248.14984,447.52582,149.17773,-248.06569,451.472,149.17383,-248.09645,433.38605,149.32881,-246.87935,429.83472,149.43806,-246.77269,426.24548,149.63997,-246.72282,459.2524,154.70174,-145.84691,424.5875,155.21863,-139.68948,446.60925,166.69109,-225.92764,432.6873,166.8083,-224.62901,490.66507,210.90839,-73.95239,402.79977,211.68768,-103.69716,504.95193,287.3419,-37.0685,390.4159,286.36002,-94.43182,520.4477,355.69385,-154.07979,400.46564,362.32358,-187.63608,530.1772,378.49753,-181.23158,397.9112,386.6952,-214.95093,522.2034,381.27695,-211.19405,411.34512,388.94852,-248.28514,515.1836,373.09723,-166.96106,417.9709,379.4384,-202.79675,488.8578,355.8605,11.181372,432.7015,358.79422,-10.367345,491.4287,469.2525,-25.764673,430.69897,469.63705,-64.704895,490.4036,573.5071,110.288666,435.37943,570.4794,72.83642,488.6677,588.27625,117.561806,435.6291,584.7487,78.36984,493.5169,611.0004,17.251541,440.5703,607.168,-40.537903
181cc.png,440.86426,153.9943,-293.43512,446.66794,146.36024,-273.57632,450.85696,146.56471,-273.47748,455.11105,146.71677,-273.4049,435.18652,146.43431,-272.36996,431.00787,146.56213,-272.28244,426.8043,146.77321,-272.28946,461.85266,153.77483,-171.2194,422.8067,154.00047,-162.12563,449.65887,165.36781,-255.95317,433.61322,165.29651,-253.53004,495.3616,212.6441,-130.10886,397.66245,214.08578,-128.06686,514.3544,287.06952,-125.44056,388.38037,288.79764,-133.81525,529.99005,360.97852,-235.50478,401.32144,365.06567,-217.76436,540.9667,383.96545,-265.2143,399.0697,390.4286,-247.47826,529.12634,387.86432,-290.9701,415.2428,391.74408,-274.14777,521.991,379.90005,-246.88234,420.8188,382.47552,-230.12766,490.24258,359.91742,-13.270948,428.88004,363.46942,14.154861,494.28772,453.87564,-104.82647,426.65915,456.09705,-34.91702,493.5777,544.0975,62.19106,429.835,540.98175,142.74547,495.51154,556.7972,73.19363,430.01636,554.1945,151.13882,485.5593,579.94403,-30.122656,437.63428,573.99585,42.608093
182cc.png,439.05753,155.88348,-326.49548,444.9186,148.16008,-309.01508,449.03387,148.19614,-308.9235,453.19843,148.17598,-308.88,433.93274,148.49138,-307.9982,430.15118,148.66035,-307.89902,426.34448,148.9215,-307.8499,461.11215,153.92245,-196.53537,423.85345,154.98802,-189.94371,448.21216,166.33603,-283.34042,433.51535,166.64392,-281.93283,494.8465,210.367,-114.90001,399.57825,211.13333,-145.97073,511.57172,286.03424,-90.066605,387.01,284.60037,-134.88448,527.6281,355.88376,-214.12396,400.40924,363.3132,-225.77885,538.2813,378.35638,-243.2016,396.95773,389.21567,-258.27637,529.4597,381.06235,-275.63812,413.29727,390.79306,-291.58423,522.2904,374.05377,-228.46333,419.40082,381.54352,-240.89667,491.33612,356.47385,8.384227,429.77206,359.48618,-7.593998,497.56403,462.44272,-55.516468,427.27707,463.0178,-65.53084,498.291,562.614,99.503044,432.90048,562.0984,95.75778,496.97296,577.0209,108.11933,433.66388,577.4351,102.382645,500.32846,598.0974,-5.677616,438.40472,595.2525,-24.489988
183cc.png,438.16452,155.68903,-339.92902,443.9289,149.07254,-319.5459,447.73636,149.32059,-319.43307,451.59177,149.51407,-319.3976,433.56723,148.958,-320.01193,430.0285,148.99298,-319.8979,426.45398,149.11365,-319.80875,458.58432,155.78676,-198.43568,423.8833,155.40744,-199.61621,446.46024,166.2369,-294.42932,432.55023,165.93338,-295.2426,489.20602,211.63765,-108.909805,399.66632,212.474,-155.06369,507.43585,286.0167,-79.78453,388.32443,287.51743,-149.75424,525.9547,356.39868,-202.99634,401.02332,364.60843,-247.31715,536.8858,377.97592,-229.78612,398.10138,388.6974,-279.27866,528.262,381.95853,-262.3483,412.80896,391.07275,-309.96118,520.94617,374.89407,-217.10008,418.4006,382.00763,-261.1788,486.4063,350.97778,14.641837,428.7831,354.5071,-13.879774,488.8197,460.04883,-44.27034,424.93454,462.57425,-87.831764,485.13403,563.5513,104.15947,428.5255,562.35345,65.97795,482.8179,578.2243,111.76901,428.24936,576.89075,71.268456,487.7835,600.1033,-5.7476416,434.54977,598.128,-64.478645
184cc.png,439.54202,157.17256,-302.143,445.0539,148.52342,-284.44315,449.27982,148.34319,-284.35428,453.55685,148.121,-284.29916,433.70236,149.33357,-282.93506,429.69638,149.67686,-282.8279,425.64673,150.11101,-282.821,461.43655,153.76118,-180.7945,422.8023,156.44038,-170.7143,449.10675,167.43103,-262.94525,433.70447,168.37268,-260.4442,495.24225,211.2335,-119.677536,397.86438,212.72385,-130.59575,508.61295,288.03345,-111.34987,386.07788,287.966,-127.48271,523.11066,357.6803,-241.37431,398.53067,364.397,-206.15018,533.3602,380.31912,-272.8008,396.0481,389.0891,-233.79659,524.5816,383.0034,-302.63306,410.9843,390.32773,-264.54364,517.0794,375.40167,-254.86186,417.01974,381.2859,-219.7159,487.7661,361.3247,-3.5091166,425.8586,363.74515,4.360234,493.39722,459.09863,-60.395844,425.84726,460.8816,-27.703636,492.68088,550.19604,111.40793,430.6355,548.2499,153.67538,492.21866,563.2314,121.71248,431.8467,561.5947,161.81993,491.69476,585.00867,16.530663,436.5045,581.0797,45.0707
186cc.png,438.12625,158.30869,-299.51614,443.87332,149.94778,-280.645,448.0081,149.86911,-280.5498,452.1967,149.7359,-280.51517,432.7642,150.46648,-280.26028,428.8872,150.6633,-280.13654,424.97278,150.95357,-280.09113,460.0972,155.04138,-169.96114,422.36588,156.77144,-167.50893,447.50345,168.1863,-257.99915,432.31573,168.7383,-257.79962,492.56207,210.82442,-97.31872,398.98798,212.55191,-139.14302,508.59576,288.2712,-69.52207,385.91818,290.46613,-146.8376,523.375,361.3726,-196.3539,400.0007,369.13177,-231.88133,533.8877,384.56848,-227.6128,397.27188,394.18503,-262.70694,523.9772,388.06824,-256.63474,413.28854,395.36755,-291.8803,516.8482,379.80746,-209.70384,418.91266,385.954,-245.10504,487.9839,364.83087,11.2960615,429.34106,367.9204,-10.317585,490.06677,471.45258,-38.887966,429.3835,470.645,-57.020977,488.64502,569.03925,123.076965,432.82187,565.76654,93.30162,488.0648,583.7375,132.74272,431.1997,580.98663,99.00378,489.6383,602.40533,29.518444,443.77127,596.89496,-19.269335
188cc.png,438.91385,159.57686,-296.0658,445.84808,151.2833,-279.7863,450.11926,151.30768,-279.67532,454.44147,151.2903,-279.62833,434.83853,151.53117,-275.83453,431.1394,151.62737,-275.71814,427.39838,151.82535,-275.70306,463.9201,156.87463,-178.59396,426.44766,157.42567,-158.43207,448.81467,169.75679,-257.69797,433.7505,169.90022,-252.34752,497.3734,211.76048,-115.37771,402.329,213.59622,-120.52419,511.63483,287.27087,-101.788536,389.70993,289.95618,-119.324036,525.83215,357.4479,-223.97919,401.9473,365.5953,-194.46361,536.884,380.36343,-252.96556,399.2076,390.0291,-218.8179,527.067,384.0657,-282.1084,414.07553,391.58093,-250.7686,519.8589,376.59607,-236.84439,420.48367,383.06107,-208.27892,489.2359,362.45578,-4.0049543,428.07013,364.86975,4.8844347,492.35852,462.85883,-55.45679,426.56815,463.0028,-28.130682,488.83368,556.3032,117.69123,430.34134,552.5688,135.14796,488.44092,569.4974,128.37984,431.03586,566.404,142.14203,485.0376,591.0462,28.820879,435.37537,584.4574,31.036976
189cc.png,441.40878,158.60172,-304.32397,447.47675,150.88615,-285.73395,451.54395,150.84117,-285.65085,455.66248,150.73187,-285.6524,436.66516,151.49681,-285.2438,432.98492,151.77783,-285.1392,429.26895,152.14954,-285.0786,464.12616,157.18102,-173.61038,427.63507,159.00616,-170.76418,451.1577,169.31111,-262.47348,436.5216,169.99852,-262.10382,495.7282,216.1566,-88.5629,406.016,217.03143,-134.94174,510.48926,290.55844,-56.3038,393.6644,289.9382,-128.1697,521.7152,361.30127,-183.17749,401.6997,364.8432,-229.71101,530.3229,383.79697,-211.76372,397.96616,388.28525,-261.55423,521.13416,386.84128,-241.07301,411.18552,390.9428,-292.14966,514.65936,378.69476,-196.43492,417.6849,382.00235,-243.9352,490.02805,358.04364,20.04423,433.4478,360.36554,-19.29323,492.81998,468.93732,-0.018208256,431.27344,471.23624,-66.88947,491.80444,571.95,129.49509,435.32187,573.359,71.68512,489.3079,586.60803,134.83072,435.0061,587.8857,75.80415,499.4152,607.87427,22.140966,441.15668,610.1613,-56.813854
190cc.png,443.39255,159.01917,-336.93097,449.1366,151.80865,-315.86038,453.15393,151.81284,-315.78513,457.21002,151.7614,-315.7444,438.21112,152.31978,-317.45474,434.48904,152.58687,-317.33682,430.73178,152.94632,-317.274,464.97003,158.40625,-195.3945,428.31445,160.02174,-201.4315,452.60635,169.60205,-292.05328,437.90942,170.19693,-294.2084,494.68915,217.89665,-103.043564,404.8538,215.85715,-168.9072,508.08032,292.58682,-69.779724,393.0615,289.4963,-168.35477,522.4481,359.40994,-190.41101,401.81274,365.46542,-262.61334,531.58606,379.89697,-215.66763,397.80484,389.14856,-296.0351,524.73413,382.60703,-249.00421,411.37112,391.9001,-326.34067,518.1869,375.08337,-205.65157,417.4451,383.27783,-276.55334,485.19537,355.89917,21.80204,428.28662,356.5562,-21.022652,483.3883,463.71658,-22.370735,423.6269,462.40982,-88.8397,479.5957,562.9913,125.09159,424.49152,559.8062,63.52263,477.09894,577.3315,132.2229,423.57028,574.13446,68.84797,484.74457,596.90546,16.994455,430.9592,593.8805,-65.30686
191cc.png,448.83887,156.83176,-348.72772,454.67227,150.32426,-327.62637,458.56836,150.83841,-327.51904,462.4934,151.29224,-327.43835,443.88608,149.49292,-327.07367,439.97617,149.25647,-326.9861,436.01865,149.11261,-326.97638,468.00443,158.23015,-217.7369,431.44528,155.85437,-214.56172,456.1364,168.06456,-308.73056,440.87827,166.90695,-308.1417,498.56894,215.54051,-166.67403,403.68045,213.47546,-181.68141,521.62103,289.63812,-158.87096,391.9981,288.87003,-200.59854,527.2385,361.55984,-262.51376,401.91226,362.81006,-279.35336,534.7951,383.73578,-294.2412,398.55447,386.2215,-310.1738,522.4805,387.91776,-317.17322,413.83197,388.09845,-337.00095,517.0796,379.97217,-273.4335,419.30917,379.5781,-292.29132,491.90335,356.05908,-2.8721683,433.65356,358.74176,3.7631512,491.1238,455.43958,-82.631744,431.91547,455.05853,-34.268932,492.68805,545.9212,105.63729,434.9346,542.45526,159.81815,494.28424,558.87494,118.48297,433.89227,556.24255,170.52637,487.42493,580.4933,15.998239,443.42834,574.2788,60.04486
209newa2.png,455.62695,126.47058,-314.6965,461.3297,117.210045,-308.60944,465.1396,116.920395,-308.5501,468.9942,116.58209,-308.42215,451.8521,117.692085,-302.12012,448.4734,117.65584,-302.0696,445.0551,117.69543,-302.047,477.34088,119.081635,-242.36226,444.1104,120.34132,-210.59804,464.3638,133.68509,-288.09726,451.4768,134.1543,-278.921,506.41895,162.17818,-188.65146,423.4564,163.00652,-165.50906,515.97034,225.45233,-181.56317,410.49664,225.69669,-169.36298,525.611,288.58212,-219.24332,397.94214,284.48828,-211.27348,531.83875,305.88254,-230.9186,391.708,300.02252,-224.08296,527.0519,309.12552,-254.36058,395.54974,302.78226,-249.1503,520.4217,303.78915,-228.43639,403.60464,297.25818,-222.882,488.69147,285.04645,-7.9963393,440.9983,285.23358,8.589107,482.98828,365.85486,-71.88963,436.42105,368.32593,-10.890339,477.11633,433.3347,83.5713,432.62418,427.50333,166.33533,475.53943,442.8222,94.83731,435.07306,436.5611,178.4585,475.6061,462.04742,19.122923,424.6042,454.70917,106.83813
210newa2.png,458.0506,127.76674,-314.8218,463.01868,118.55631,-306.85538,466.72495,118.25415,-306.81436,470.47165,117.90484,-306.70593,453.40884,119.012764,-303.6168,449.8768,118.951744,-303.5456,446.3024,118.96191,-303.50552,477.25293,120.066574,-232.11867,443.5869,121.31937,-214.36119,465.96213,134.657,-284.81284,453.0545,135.10309,-279.78223,504.3671,162.03798,-172.10434,421.28586,162.78629,-167.99252,513.6391,225.37428,-160.48148,409.57404,226.22148,-169.69809,523.73676,287.97986,-207.00813,398.1828,286.11404,-209.7258,529.7912,305.1769,-219.88087,392.19397,301.81558,-222.8696,525.4444,307.77585,-245.0109,395.88852,304.3108,-249.21472,518.78754,302.5458,-217.28474,403.8271,298.7711,-221.65811,486.98022,286.18567,-3.8038452,439.00818,287.00742,4.3867674,481.39737,367.5699,-52.036137,437.36786,370.51282,-19.136694,476.89023,435.36694,104.26442,434.30563,432.24155,153.89604,475.5921,444.88275,115.23944,436.52814,441.42346,165.39996,475.28485,464.18912,37.432625,427.18948,460.36288,88.21941
214newa2.png,455.24557,124.44573,-313.79004,459.908,116.352295,-305.44736,463.44098,116.05812,-305.38303,467.0299,115.712166,-305.28763,450.61563,117.00901,-301.32913,447.25128,117.115234,-301.25116,443.84424,117.304276,-301.19794,473.80075,118.887924,-231.27583,441.61646,120.86161,-209.28624,463.1255,131.90933,-284.41937,450.73013,132.62709,-278.07355,502.1762,163.77075,-169.6835,420.5755,163.95387,-158.0208,514.34625,224.95648,-153.16548,407.20654,224.01788,-153.5075,523.5935,288.03433,-202.60553,393.08456,281.52554,-203.6063,529.37006,305.46964,-216.1825,386.69586,296.62863,-217.59943,523.753,308.0752,-242.08624,389.46994,299.7122,-246.71623,517.6403,302.24454,-213.08499,397.66678,294.58298,-217.15886,484.7751,286.87537,-3.6851573,436.9365,287.29944,4.173088,480.42554,369.71344,-57.41215,435.42627,371.38516,-31.78693,474.00345,438.76254,105.035164,432.0143,435.96555,144.84094,471.4425,448.2733,116.451614,434.47443,445.26743,156.52563,475.34485,469.06238,33.52887,424.10632,465.90875,73.17517
218newa2.png,455.4251,124.52305,-289.73212,459.7992,116.285866,-279.93848,463.2879,115.890045,-279.88913,466.84113,115.44021,-279.82727,450.22638,117.18607,-277.95132,446.74344,117.350815,-277.86725,443.22412,117.590675,-277.80527,472.94293,118.30572,-199.46193,440.10223,120.91573,-187.41039,463.1097,131.64403,-258.07864,450.62125,132.63028,-254.70358,500.71976,163.20108,-134.42741,419.4563,163.38098,-132.6837,511.97232,224.20296,-109.485954,404.82953,221.44182,-123.18596,520.42285,287.2146,-178.83969,389.25287,276.27036,-192.72351,525.62524,305.8889,-195.96098,382.88953,291.5676,-211.12485,520.0554,307.58002,-222.95078,385.45786,294.0853,-242.19334,514.5029,301.15247,-190.09885,393.68835,288.89078,-207.51405,483.91953,287.836,1.560129,435.22696,288.1213,-1.0231265,481.51825,373.7868,-35.38613,435.90265,374.08655,-40.230278,476.39355,444.89798,118.86324,431.4631,444.3595,125.58686,474.13602,454.63828,128.94345,433.92807,454.32956,135.96687,475.6422,475.61972,38.61865,422.8019,474.9976,41.446747
58newa2.png,452.84058,125.31389,-208.75389,456.67014,119.777565,-195.54079,459.62622,119.67285,-195.5249,462.64334,119.51584,-195.50673,448.2212,120.41254,-195.11035,445.18814,120.67447,-195.03091,442.12436,121.0008,-194.99171,467.33954,125.08743,-120.51718,439.01666,126.89916,-114.95722,459.30066,133.60422,-180.92445,448.05267,134.27988,-179.4942,490.11835,173.38057,-76.80837,420.3571,171.6633,-77.92191,499.0664,229.59572,-62.899998,407.97894,224.00464,-78.89398,508.43365,284.98743,-135.07642,393.69885,268.22882,-159.83797,514.16565,301.77338,-151.46867,386.80753,282.01883,-180.57573,509.5749,303.41122,-176.92903,390.70316,283.17654,-205.26157,504.6817,297.5908,-146.39458,397.64615,279.0533,-171.98863,475.07907,280.80753,-0.0077624796,432.70248,280.992,0.5132568,473.12946,357.30008,-30.632936,434.45673,359.43958,-34.02443,463.3225,425.4942,103.13976,436.7639,425.13837,104.63086,461.05457,434.26154,111.99177,439.24008,434.96835,112.51274,460.76474,453.6482,39.576855,432.18994,449.94446,29.443808
62newa2.png,462.0262,131.38336,-263.88025,465.04504,125.56952,-247.88081,467.96115,125.35354,-247.86421,470.93652,125.09045,-247.8142,456.245,126.32451,-248.95946,453.03946,126.601974,-248.83699,449.80667,126.935814,-248.7627,474.50156,129.75517,-156.54901,445.28424,132.18678,-157.7402,467.95325,139.10995,-230.108,456.57938,139.99893,-230.635,495.82913,176.52583,-89.47315,424.4303,173.866,-109.78472,506.02728,231.30695,-64.439804,411.107,225.56734,-107.10367,511.37543,287.12854,-156.79225,395.43115,268.71704,-197.7597,515.7595,302.74142,-178.5005,388.85464,280.39853,-224.35435,510.76202,304.74377,-205.31186,391.201,281.9933,-253.3145,506.65497,299.16052,-169.79169,397.82126,278.42383,-212.65846,478.56833,279.6288,8.173735,433.8694,279.30405,-7.7412763,475.80923,361.28128,-51.91796,440.1388,363.39938,-74.265175,462.6829,432.82654,100.08499,437.9451,436.60312,79.3785,459.29028,441.8752,109.557976,437.85922,446.4726,88.07096,460.54428,461.57443,17.784369,439.26593,464.10468,-11.424391
66newa2.png,465.86325,136.65784,-253.74547,469.51788,131.0287,-238.80057,472.3531,131.0304,-238.78368,475.24457,130.9767,-238.73248,461.17773,131.16858,-240.19443,458.1538,131.18239,-240.07332,455.09906,131.25601,-240.00533,478.7237,135.77722,-148.473,450.78317,135.97095,-152.0163,471.12613,144.4367,-219.93689,460.18848,144.48299,-221.06738,495.83438,181.27686,-79.151634,428.44495,176.16905,-110.70098,502.61816,235.54167,-55.67266,413.5869,228.04677,-111.30919,507.97098,289.40027,-145.4418,396.6106,267.6565,-200.01736,512.49994,304.79596,-165.32407,389.30774,278.2566,-225.9953,508.1736,306.2744,-192.27959,391.8819,279.5847,-253.0124,504.00354,300.97513,-158.19409,398.51953,276.73727,-213.7798,476.50742,282.73105,18.427158,435.431,281.86288,-17.997318,476.12445,358.12915,-41.28805,444.2008,360.3656,-93.07544,459.92938,423.42023,116.380974,443.0136,434.06042,43.76731,454.3903,431.52768,127.00567,441.48288,444.1359,51.323944,463.01547,450.9482,42.179165,449.06268,459.979,-47.58734
70newa2.png,464.42627,136.54884,-233.85732,468.55698,130.82991,-219.67111,471.43884,130.9562,-219.65788,474.3736,131.02867,-219.6112,460.33032,130.56786,-220.96458,457.3617,130.4176,-220.86247,454.3596,130.32283,-220.8355,478.00977,135.62209,-132.07906,450.29715,134.42957,-136.01524,469.58963,144.35577,-200.89873,458.72113,143.89407,-202.16422,494.0956,180.2526,-63.857662,427.48877,173.95233,-101.68608,500.6915,233.95937,-40.642727,413.59915,224.90282,-105.160805,506.34576,284.5889,-134.33897,398.51984,266.34033,-188.71936,510.6316,299.3082,-155.9685,392.00345,277.46112,-214.4855,507.00864,299.90216,-182.55324,394.15683,278.22296,-239.97444,502.90353,294.73648,-147.5091,399.97815,275.05145,-201.86397,475.43692,281.8951,18.997915,434.58505,280.9131,-18.510942,474.1228,354.16483,-37.94256,440.2856,357.4797,-97.808716,460.726,422.58255,107.41821,436.63058,428.90677,45.510685,455.96567,431.8255,116.58868,434.97775,438.76443,53.738598,463.14386,448.46085,30.77353,441.84518,453.71964,-40.66076
